ts_iso,slug,market_url,window_text,buy_up_cents,buy_down_cents,sell_up_cents,sell_down_cents,buy_up_size,buy_down_size,sell_up_size,sell_down_size,mid_up_cents,mid_down_cents,spread_up_cents,spread_down_cents,bid_depth_up_5,ask_depth_up_5,bid_depth_down_5,ask_depth_down_5,level_count_bid_up,level_count_ask_up,level_count_bid_down,level_count_ask_down,target_price,final_price,trade_count_1s,trade_volume_1s
2026-08-21T01:33:09+08:00,btc-updown-5m-1787247000,https://polymarket.com/zh/event/btc-updown-5m-1787247000,01:30-01:35,23.00,78.00,22.00,77.00,300.41,31.71,183.49,492.42,22.50,77.50,1.00,1.00,7743.71,11413.00,11826.99,7965.40,22,77,77,22,,72758.33,,
2026-08-21T01:33:14+08:00,btc-updown-5m-1787247000,https://polymarket.com/zh/event/btc-updown-5m-1787247000,01:30-01:35,36.00,67.00,35.00,66.00,549.06,150.06,9.07,192.74,35.50,66.50,1.00,1.00,9708.40,11285.49,11279.50,9558.40,35,64,66,33,,72766.79,,
2026-08-21T01:33:19+08:00,btc-updown-5m-1787247000,https://polymarket.com/zh/event/btc-updown-5m-1787247000,01:30-01:35,34.00,68.00,33.00,67.00,107.42,71.13,45.50,136.00,33.50,67.50,1.00,1.00,8659.40,11460.49,11419.49,8659.40,33,66,67,32,,72773.75,,
2026-08-21T01:33:25+08:00,btc-updown-5m-1787247000,https://polymarket.com/zh/event/btc-updown-5m-1787247000,01:30-01:35,29.00,75.00,28.00,74.00,239.49,183.60,10.36,135.69,28.50,74.50,1.00,1.00,9787.73,11750.49,11830.49,9641.40,28,71,74,25,,72772.20,,
2026-08-21T01:33:30+08:00,btc-updown-5m-1787247000,https://polymarket.com/zh/event/btc-updown-5m-1787247000,01:30-01:35,26.00,75.00,25.00,74.00,155.83,291.61,326.61,95.00,25.50,74.50,1.00,1.00,10496.06,11880.49,11719.49,11309.39,25,74,74,25,,72770.78,,
2026-08-21T01:33:35+08:00,btc-updown-5m-1787247000,https://polymarket.com/zh/event/btc-updown-5m-1787247000,01:30-01:35,45.00,58.00,44.00,57.00,60.00,187.56,168.00,155.70,44.50,57.50,1.00,1.00,14587.40,12008.50,11998.49,14257.40,44,55,57,42,,72760.01,,
2026-08-21T01:33:40+08:00,btc-updown-5m-1787247000,https://polymarket.com/zh/event/btc-updown-5m-1787247000,01:30-01:35,17.00,85.00,16.00,84.00,417.39,25.11,119.25,473.44,16.50,84.50,1.00,1.00,9950.39,11554.49,11534.49,9999.39,16,83,84,15,,72753.25,,
2026-08-21T01:33:46+08:00,btc-updown-5m-1787247000,https://polymarket.com/zh/event/btc-updown-5m-1787247000,01:30-01:35,27.00,75.00,24.00,74.00,138.94,259.27,69.94,138.00,25.50,74.50,3.00,1.00,7862.40,11879.51,15004.49,9685.40,24,73,74,25,,72775.49,,
2026-08-21T01:33:51+08:00,btc-updown-5m-1787247000,https://polymarket.com/zh/event/btc-updown-5m-1787247000,01:30-01:35,30.00,72.00,29.00,71.00,214.57,187.75,187.37,207.96,29.50,71.50,1.00,1.00,8934.73,11389.49,11565.49,9229.73,29,70,71,28,,72781.03,,
2026-08-21T01:33:56+08:00,btc-updown-5m-1787247000,https://polymarket.com/zh/event/btc-updown-5m-1787247000,01:30-01:35,23.00,73.00,22.00,72.00,113.33,296.11,187.00,11.08,22.50,72.50,1.00,1.00,6747.41,10874.50,10929.51,6885.41,22,77,72,27,,72781.04,,
2026-08-21T01:34:01+08:00,btc-updown-5m-1787247000,https://polymarket.com/zh/event/btc-updown-5m-1787247000,01:30-01:35,33.00,67.00,32.00,66.00,97.00,100.00,50.00,141.48,32.50,66.50,1.00,1.00,10422.74,12178.15,10627.15,6074.41,32,67,66,32,,72785.96,,
2026-08-21T01:34:06+08:00,btc-updown-5m-1787247000,https://polymarket.com/zh/event/btc-updown-5m-1787247000,01:30-01:35,69.00,28.00,63.00,27.00,58.00,112.30,464.94,128.00,66.00,27.50,6.00,1.00,10972.08,5432.50,5217.50,10977.07,63,31,27,72,,72820.35,,
2026-08-21T01:34:12+08:00,btc-updown-5m-1787247000,https://polymarket.com/zh/event/btc-updown-5m-1787247000,01:30-01:35,72.00,34.00,71.00,33.00,47.00,18.26,13.00,56.45,71.50,33.50,1.00,1.00,11332.08,4982.50,4967.50,10727.07,71,28,33,66,,72819.42,,
2026-08-21T01:34:17+08:00,btc-updown-5m-1787247000,https://polymarket.com/zh/event/btc-updown-5m-1787247000,01:30-01:35,77.00,27.00,76.00,26.00,64.41,247.00,84.43,6.43,76.50,26.50,1.00,1.00,7987.08,5707.16,5758.50,7877.07,76,23,26,73,,72809.56,,
2026-08-21T01:34:22+08:00,btc-updown-5m-1787247000,https://polymarket.com/zh/event/btc-updown-5m-1787247000,01:30-01:35,46.00,58.00,45.00,57.00,44.50,71.85,11.00,339.54,45.50,57.50,1.00,1.00,6293.09,6006.50,6200.50,5892.38,45,52,57,42,,72789.83,,
2026-08-21T01:34:27+08:00,btc-updown-5m-1787247000,https://polymarket.com/zh/event/btc-updown-5m-1787247000,01:30-01:35,49.00,52.00,48.00,51.00,63.95,299.75,199.56,153.95,48.50,51.50,1.00,1.00,6107.38,6476.50,7892.17,6000.38,48,51,51,48,,72796.10,,
2026-08-21T01:34:33+08:00,btc-updown-5m-1787247000,https://polymarket.com/zh/event/btc-updown-5m-1787247000,01:30-01:35,77.00,40.00,76.00,39.00,30.00,125.30,31.39,9.55,76.50,39.50,1.00,1.00,5195.52,4550.50,4690.50,5205.52,75,22,39,50,,72794.80,,
2026-08-21T01:34:38+08:00,btc-updown-5m-1787247000,https://polymarket.com/zh/event/btc-updown-5m-1787247000,01:30-01:35,44.00,58.00,38.00,57.00,94.30,2.56,67.00,145.53,41.00,57.50,6.00,1.00,5087.51,5835.50,6034.50,5062.51,38,56,57,37,,72791.15,,
2026-08-21T01:34:43+08:00,btc-updown-5m-1787247000,https://polymarket.com/zh/event/btc-updown-5m-1787247000,01:30-01:35,39.00,80.00,38.00,79.00,87.96,257.65,53.28,266.23,38.50,79.50,1.00,1.00,5320.17,4816.16,5902.16,4910.17,38,56,79,20,,72784.57,,
2026-08-21T01:34:49+08:00,btc-updown-5m-1787247000,https://polymarket.com/zh/event/btc-updown-5m-1787247000,01:30-01:35,4.00,98.00,3.00,97.00,165.65,554.83,203.24,164.26,3.50,97.50,1.00,1.00,2827.94,5557.16,5582.16,2640.70,3,96,97,2,,72770.09,,
2026-08-21T01:34:54+08:00,btc-updown-5m-1787247000,https://polymarket.com/zh/event/btc-updown-5m-1787247000,01:30-01:35,2.00,,1.00,99.00,372.24,,885.12,7233.59,1.50,,1.00,,885.12,4645.71,5160.71,,1,98,99,0,,72780.72,,
2026-08-21T01:34:59+08:00,btc-updown-5m-1787247000,https://polymarket.com/zh/event/btc-updown-5m-1787247000,01:30-01:35,1.00,,,99.00,23302.91,,,24018.56,,,,,,6555.71,5726.71,,0,99,99,0,,72780.72,,
2026-08-21T01:35:06+08:00,btc-updown-5m-1787247300,https://polymarket.com/zh/event/btc-updown-5m-1787247300,01:35-01:40,26.00,76.00,25.00,75.00,363.10,18.55,183.19,816.56,25.50,75.50,1.00,1.00,14011.73,15623.02,15385.02,14315.73,25,74,75,24,,72728.53,,
2026-08-21T01:35:11+08:00,btc-updown-5m-1787247300,https://polymarket.com/zh/event/btc-updown-5m-1787247300,01:35-01:40,31.00,70.00,30.00,69.00,479.34,367.30,286.00,333.86,30.50,69.50,1.00,1.00,14309.73,12771.90,12986.90,14479.73,30,69,69,30,,72742.43,,
2026-08-21T01:35:17+08:00,btc-updown-5m-1787247300,https://polymarket.com/zh/event/btc-updown-5m-1787247300,01:35-01:40,32.00,70.00,31.00,69.00,358.30,353.05,88.00,275.33,31.50,69.50,1.00,1.00,15751.73,14227.90,14315.90,15736.73,31,68,69,30,,72756.35,,
2026-08-21T01:35:22+08:00,btc-updown-5m-1787247300,https://polymarket.com/zh/event/btc-updown-5m-1787247300,01:35-01:40,29.00,72.00,28.00,71.00,478.78,512.00,94.66,27.00,28.50,71.50,1.00,1.00,13676.93,13043.89,13033.89,13531.93,28,71,71,28,,72745.98,,
2026-08-21T01:35:27+08:00,btc-updown-5m-1787247300,https://polymarket.com/zh/event/btc-updown-5m-1787247300,01:35-01:40,39.00,62.00,38.00,61.00,360.45,998.70,236.87,16.41,38.50,61.50,1.00,1.00,13999.93,12198.89,11948.89,13724.93,38,61,61,38,,72770.28,,
2026-08-21T01:35:32+08:00,btc-updown-5m-1787247300,https://polymarket.com/zh/event/btc-updown-5m-1787247300,01:35-01:40,47.00,54.00,46.00,53.00,617.02,318.21,20.72,290.02,46.50,53.50,1.00,1.00,11503.93,10810.89,10805.89,11518.93,46,53,53,46,,72785.92,,
2026-08-21T01:35:38+08:00,btc-updown-5m-1787247300,https://polymarket.com/zh/event/btc-updown-5m-1787247300,01:35-01:40,37.00,65.00,36.00,64.00,160.00,313.40,262.30,122.74,36.50,64.50,1.00,1.00,12944.93,11005.89,13090.89,12954.93,36,63,64,35,,72760.54,,
2026-08-21T01:35:43+08:00,btc-updown-5m-1787247300,https://polymarket.com/zh/event/btc-updown-5m-1787247300,01:35-01:40,29.00,72.00,28.00,71.00,22.75,179.75,411.27,124.40,28.50,71.50,1.00,1.00,12806.93,13225.89,13425.89,12816.93,28,71,71,28,,72744.70,,
2026-08-21T01:35:48+08:00,btc-updown-5m-1787247300,https://polymarket.com/zh/event/btc-updown-5m-1787247300,01:35-01:40,27.00,73.00,26.00,72.00,3.03,1061.07,332.00,49.00,26.50,72.50,1.00,1.00,10291.93,11120.89,11125.89,10641.93,26,73,72,27,,72743.38,,
2026-08-21T01:35:54+08:00,btc-updown-5m-1787247300,https://polymarket.com/zh/event/btc-updown-5m-1787247300,01:35-01:40,32.00,69.00,31.00,68.00,500.40,106.00,349.02,499.56,31.50,68.50,1.00,1.00,10671.93,10875.89,10875.89,10636.93,31,68,68,31,,72749.39,,
2026-08-21T01:35:59+08:00,btc-updown-5m-1787247300,https://polymarket.com/zh/event/btc-updown-5m-1787247300,01:35-01:40,30.00,73.00,29.00,72.00,399.38,93.20,58.49,496.68,29.50,72.50,1.00,1.00,10401.93,10550.89,10640.89,9816.93,29,70,72,27,,72734.93,,
2026-08-21T01:36:05+08:00,btc-updown-5m-1787247300,https://polymarket.com/zh/event/btc-updown-5m-1787247300,01:35-01:40,25.00,77.00,24.00,76.00,279.42,306.57,141.62,266.00,24.50,76.50,1.00,1.00,9081.93,13940.90,13926.89,9111.93,24,75,76,23,,72732.79,,
2026-08-21T01:36:10+08:00,btc-updown-5m-1787247300,https://polymarket.com/zh/event/btc-updown-5m-1787247300,01:35-01:40,20.00,81.00,19.00,80.00,56.06,185.38,520.63,433.76,19.50,80.50,1.00,1.00,11290.92,13372.90,13273.90,11345.92,19,80,80,19,,72721.56,,
2026-08-21T01:36:15+08:00,btc-updown-5m-1787247300,https://polymarket.com/zh/event/btc-updown-5m-1787247300,01:35-01:40,14.00,86.00,13.00,85.00,37.85,298.38,583.71,396.99,13.50,85.50,1.00,1.00,12327.92,13377.89,13293.89,12132.92,13,86,85,14,,72704.15,,
2026-08-21T01:36:20+08:00,btc-updown-5m-1787247300,https://polymarket.com/zh/event/btc-updown-5m-1787247300,01:35-01:40,18.00,83.00,17.00,82.00,489.38,33.92,75.33,632.15,17.50,82.50,1.00,1.00,12402.91,12927.89,13287.89,12245.91,17,82,82,17,,72706.62,,
2026-08-21T01:36:26+08:00,btc-updown-5m-1787247300,https://polymarket.com/zh/event/btc-updown-5m-1787247300,01:35-01:40,17.00,84.00,16.00,83.00,760.84,10.80,12.00,764.91,16.50,83.50,1.00,1.00,11246.25,13283.89,13287.89,12200.91,16,83,83,16,,72705.17,,
2026-08-21T01:36:31+08:00,btc-updown-5m-1787247300,https://polymarket.com/zh/event/btc-updown-5m-1787247300,01:35-01:40,17.00,84.00,16.00,83.00,425.44,174.70,182.70,605.44,16.50,83.50,1.00,1.00,12531.25,12922.89,13378.89,12531.25,16,83,83,16,,72705.17,,
2026-08-21T01:36:36+08:00,btc-updown-5m-1787247300,https://polymarket.com/zh/event/btc-updown-5m-1787247300,01:35-01:40,20.00,82.00,19.00,81.00,327.93,269.59,11.47,77.64,19.50,81.50,1.00,1.00,10213.92,13282.89,13282.89,10009.92,19,80,81,18,,72721.54,,
2026-08-21T01:36:41+08:00,btc-updown-5m-1787247300,https://polymarket.com/zh/event/btc-updown-5m-1787247300,01:35-01:40,20.00,81.00,19.00,80.00,361.39,296.00,302.00,198.53,19.50,80.50,1.00,1.00,10314.92,12949.89,12848.89,10159.92,19,80,80,19,,72721.54,,
2026-08-21T01:36:47+08:00,btc-updown-5m-1787247300,https://polymarket.com/zh/event/btc-updown-5m-1787247300,01:35-01:40,27.00,73.00,26.00,72.00,46.48,308.12,595.21,53.07,26.50,72.50,1.00,1.00,10714.37,12838.89,12849.89,10589.37,26,73,72,27,,72745.92,,
2026-08-21T01:36:52+08:00,btc-updown-5m-1787247300,https://polymarket.com/zh/event/btc-updown-5m-1787247300,01:35-01:40,29.00,72.00,28.00,71.00,96.00,90.00,512.50,334.17,28.50,71.50,1.00,1.00,10684.37,13104.89,12954.89,10684.37,28,71,71,28,,72749.99,,
2026-08-21T01:36:57+08:00,btc-updown-5m-1787247300,https://polymarket.com/zh/event/btc-updown-5m-1787247300,01:35-01:40,28.00,73.00,27.00,72.00,523.54,60.52,39.52,409.54,27.50,72.50,1.00,1.00,10130.37,13458.89,13453.89,10025.37,27,72,72,27,,72749.99,,
2026-08-21T01:37:03+08:00,btc-updown-5m-1787247300,https://polymarket.com/zh/event/btc-updown-5m-1787247300,01:35-01:40,26.00,75.00,25.00,74.00,108.00,205.20,392.38,357.74,25.50,74.50,1.00,1.00,8610.31,12719.89,12709.89,8605.31,25,74,74,25,,72751.81,,
2026-08-21T01:37:08+08:00,btc-updown-5m-1787247300,https://polymarket.com/zh/event/btc-updown-5m-1787247300,01:35-01:40,26.00,75.00,25.00,74.00,244.59,109.07,288.12,357.59,25.50,74.50,1.00,1.00,8515.31,12494.89,12599.89,8495.31,25,74,74,25,,72751.81,,
2026-08-21T01:37:13+08:00,btc-updown-5m-1787247300,https://polymarket.com/zh/event/btc-updown-5m-1787247300,01:35-01:40,21.00,82.00,17.00,81.00,299.82,144.39,247.25,280.08,19.00,81.50,4.00,1.00,11149.30,12959.89,13059.89,11209.30,17,79,81,18,,72735.11,,
2026-08-21T01:37:18+08:00,btc-updown-5m-1787247300,https://polymarket.com/zh/event/btc-updown-5m-1787247300,01:35-01:40,24.00,77.00,23.00,76.00,312.83,297.91,250.46,307.83,23.50,76.50,1.00,1.00,9391.31,12610.89,12514.90,9391.31,23,76,76,23,,72745.91,,
2026-08-21T01:37:24+08:00,btc-updown-5m-1787247300,https://polymarket.com/zh/event/btc-updown-5m-1787247300,01:35-01:40,17.00,84.00,16.00,83.00,821.11,292.55,191.40,262.89,16.50,83.50,1.00,1.00,11239.30,12954.89,12950.89,11429.30,16,83,83,16,,72730.36,,
2026-08-21T01:37:29+08:00,btc-updown-5m-1787247300,https://polymarket.com/zh/event/btc-updown-5m-1787247300,01:35-01:40,18.00,87.00,17.00,86.00,335.97,87.28,20.00,116.64,17.50,86.50,1.00,1.00,9620.31,12704.89,13140.89,12759.97,16,82,86,13,,72725.04,,
2026-08-21T01:37:34+08:00,btc-updown-5m-1787247300,https://polymarket.com/zh/event/btc-updown-5m-1787247300,01:35-01:40,12.00,89.00,11.00,88.00,605.81,234.06,111.55,613.95,11.50,88.50,1.00,1.00,12446.97,13010.89,13024.90,12281.97,11,88,88,11,,72720.48,,
2026-08-21T01:37:39+08:00,btc-updown-5m-1787247300,https://polymarket.com/zh/event/btc-updown-5m-1787247300,01:35-01:40,12.00,89.00,11.00,88.00,120.04,597.11,370.77,212.81,11.50,88.50,1.00,1.00,10809.64,13015.17,12915.17,12018.97,11,88,88,11,,72720.48,,
2026-08-21T01:37:45+08:00,btc-updown-5m-1787247300,https://polymarket.com/zh/event/btc-updown-5m-1787247300,01:35-01:40,15.00,86.00,14.00,85.00,735.82,1.32,43.30,643.33,14.50,85.50,1.00,1.00,12062.30,12960.17,13050.17,12152.30,14,85,85,14,,72731.99,,
2026-08-21T01:37:50+08:00,btc-updown-5m-1787247300,https://polymarket.com/zh/event/btc-updown-5m-1787247300,01:35-01:40,12.00,87.00,11.00,86.00,203.68,58.00,415.35,33.60,11.50,86.50,1.00,1.00,12316.97,13050.17,12945.17,12221.97,11,88,86,13,,72732.00,,
2026-08-21T01:37:55+08:00,btc-updown-5m-1787247300,https://polymarket.com/zh/event/btc-updown-5m-1787247300,01:35-01:40,12.00,90.00,11.00,89.00,370.43,158.60,175.09,1045.77,11.50,89.50,1.00,1.00,11756.88,12930.08,13041.08,10785.89,11,88,89,10,,72725.04,,
2026-08-21T01:38:01+08:00,btc-updown-5m-1787247300,https://polymarket.com/zh/event/btc-updown-5m-1787247300,01:35-01:40,12.00,89.00,11.00,88.00,190.55,698.62,748.60,144.17,11.50,88.50,1.00,1.00,11549.88,11944.08,11823.08,10338.88,11,88,88,11,,72731.98,,
2026-08-21T01:38:06+08:00,btc-updown-5m-1787247300,https://polymarket.com/zh/event/btc-updown-5m-1787247300,01:35-01:40,31.00,69.00,30.00,68.00,60.00,143.87,163.76,89.97,30.50,68.50,1.00,1.00,10661.22,11661.20,11672.20,10666.22,30,69,68,31,,72769.07,,
2026-08-21T01:38:11+08:00,btc-updown-5m-1787247300,https://polymarket.com/zh/event/btc-updown-5m-1787247300,01:35-01:40,34.00,67.00,33.00,66.00,396.79,476.15,193.72,83.62,33.50,66.50,1.00,1.00,10454.22,11692.20,13991.20,10429.22,33,66,66,33,,72775.81,,
2026-08-21T01:38:16+08:00,btc-updown-5m-1787247300,https://polymarket.com/zh/event/btc-updown-5m-1787247300,01:35-01:40,22.00,79.00,21.00,78.00,467.27,35.00,52.84,415.22,21.50,78.50,1.00,1.00,10654.21,12817.20,12812.20,10648.21,21,78,78,21,,72756.36,,
2026-08-21T01:38:22+08:00,btc-updown-5m-1787247300,https://polymarket.com/zh/event/btc-updown-5m-1787247300,01:35-01:40,15.00,89.00,14.00,88.00,627.81,196.00,8.00,533.26,14.50,88.50,1.00,1.00,9528.55,11666.20,11781.21,9023.89,14,85,88,11,,72738.96,,
2026-08-21T01:38:28+08:00,btc-updown-5m-1787247300,https://polymarket.com/zh/event/btc-updown-5m-1787247300,01:35-01:40,10.00,91.00,9.00,90.00,493.09,208.68,120.36,318.51,9.50,90.50,1.00,1.00,11237.98,11666.20,11666.20,11089.98,9,90,90,9,,72738.97,,
2026-08-21T01:38:33+08:00,btc-updown-5m-1787247300,https://polymarket.com/zh/event/btc-updown-5m-1787247300,01:35-01:40,9.00,92.00,8.00,91.00,82.00,203.14,171.48,235.81,8.50,91.50,1.00,1.00,11273.28,11666.20,11671.20,11400.88,8,91,91,8,,72738.97,,
2026-08-21T01:38:39+08:00,btc-updown-5m-1787247300,https://polymarket.com/zh/event/btc-updown-5m-1787247300,01:35-01:40,6.00,96.00,5.00,95.00,357.98,461.00,61.81,215.00,5.50,95.50,1.00,1.00,6156.92,11701.20,11617.20,5979.51,5,94,95,4,,72728.52,,
2026-08-21T01:38:44+08:00,btc-updown-5m-1787247300,https://polymarket.com/zh/event/btc-updown-5m-1787247300,01:35-01:40,5.00,96.00,4.00,95.00,243.86,396.95,214.55,113.42,4.50,95.50,1.00,1.00,5701.97,11597.20,11597.20,5590.37,4,95,95,4,,72728.52,,
2026-08-21T01:38:49+08:00,btc-updown-5m-1787247300,https://polymarket.com/zh/event/btc-updown-5m-1787247300,01:35-01:40,9.00,90.00,8.00,88.00,251.00,172.55,72.05,18.89,8.50,89.00,1.00,2.00,9612.84,11502.20,11402.21,10466.94,8,91,88,10,,72749.40,,
2026-08-21T01:38:54+08:00,btc-updown-5m-1787247300,https://polymarket.com/zh/event/btc-updown-5m-1787247300,01:35-01:40,11.00,91.00,10.00,90.00,883.79,54.12,71.00,471.48,10.50,90.50,1.00,1.00,10453.94,11487.20,11496.21,10563.94,10,89,90,9,,72749.40,,
2026-08-21T01:38:59+08:00,btc-updown-5m-1787247300,https://polymarket.com/zh/event/btc-updown-5m-1787247300,01:35-01:40,9.00,88.00,8.00,87.00,62.98,124.86,362.47,395.70,8.50,87.50,1.00,1.00,6764.56,10781.21,10762.21,10025.95,8,91,87,12,,72756.35,,
2026-08-21T01:39:05+08:00,btc-updown-5m-1787247300,https://polymarket.com/zh/event/btc-updown-5m-1787247300,01:35-01:40,15.00,81.00,14.00,80.00,83.13,70.00,100.20,28.00,14.50,80.50,1.00,1.00,6645.29,12356.19,11316.19,6697.29,14,85,80,19,,72775.96,,
2026-08-21T01:39:10+08:00,btc-updown-5m-1787247300,https://polymarket.com/zh/event/btc-updown-5m-1787247300,01:35-01:40,26.00,75.00,25.00,73.00,66.00,66.70,50.00,50.00,25.50,74.00,1.00,2.00,7929.28,10656.86,11739.53,6586.51,25,73,73,25,,72784.20,,
2026-08-21T01:39:16+08:00,btc-updown-5m-1787247300,https://polymarket.com/zh/event/btc-updown-5m-1787247300,01:35-01:40,42.00,57.00,41.00,56.00,122.00,34.24,20.00,16.96,41.50,56.50,1.00,1.00,8720.50,5711.43,5827.43,7141.84,40,58,56,43,,72805.07,,
2026-08-21T01:39:21+08:00,btc-updown-5m-1787247300,https://polymarket.com/zh/event/btc-updown-5m-1787247300,01:35-01:40,37.00,67.00,36.00,66.00,71.00,133.10,178.61,10.00,36.50,66.50,1.00,1.00,7035.51,6014.59,5781.59,7060.51,34,63,63,33,,72799.82,,
2026-08-21T01:39:26+08:00,btc-updown-5m-1787247300,https://polymarket.com/zh/event/btc-updown-5m-1787247300,01:35-01:40,37.00,60.00,36.00,59.00,8.00,39.95,96.14,58.00,36.50,59.50,1.00,1.00,7335.51,5077.59,5292.59,7330.51,36,63,59,39,,72803.09,,
2026-08-21T01:39:32+08:00,btc-updown-5m-1787247300,https://polymarket.com/zh/event/btc-updown-5m-1787247300,01:35-01:40,49.00,52.00,46.00,47.00,47.95,30.00,23.00,5.00,47.50,49.50,3.00,5.00,7205.51,5969.59,5025.49,7030.51,46,50,47,48,,72808.98,,
2026-08-21T01:39:37+08:00,btc-updown-5m-1787247300,https://polymarket.com/zh/event/btc-updown-5m-1787247300,01:35-01:40,83.00,17.00,82.00,15.00,73.04,18.58,19.65,2.39,82.50,16.00,1.00,2.00,6751.51,6312.61,6277.42,7236.51,81,17,15,82,,72820.82,,
2026-08-21T01:39:42+08:00,btc-updown-5m-1787247300,https://polymarket.com/zh/event/btc-updown-5m-1787247300,01:35-01:40,95.00,12.00,93.00,9.00,357.29,32.23,76.65,145.55,94.00,10.50,2.00,3.00,6665.51,6276.50,6643.13,7045.51,91,5,9,87,,72815.01,,
2026-08-21T01:39:48+08:00,btc-updown-5m-1787247300,https://polymarket.com/zh/event/btc-updown-5m-1787247300,01:35-01:40,68.00,29.00,67.00,28.00,25.00,40.00,25.00,12.00,67.50,28.50,1.00,1.00,5255.50,5006.04,4811.04,5750.50,64,29,27,67,,72794.65,,
2026-08-21T01:39:55+08:00,btc-updown-5m-1787247300,https://polymarket.com/zh/event/btc-updown-5m-1787247300,01:35-01:40,77.00,21.00,71.00,18.00,5.00,19.80,18.41,327.35,74.00,19.50,6.00,3.00,4919.50,3945.86,3780.86,5549.51,70,22,18,72,,72794.64,,
2026-08-21T01:40:00+08:00,btc-updown-5m-1787247300,https://polymarket.com/zh/event/btc-updown-5m-1787247300,01:35-01:40,,1.00,99.00,,,30.01,243.43,,,,,,6332.94,,,5662.70,96,0,0,94,,72780.73,,
2026-08-21T01:40:07+08:00,btc-updown-5m-1787247600,https://polymarket.com/zh/event/btc-updown-5m-1787247600,01:40-01:45,44.00,57.00,43.00,56.00,370.04,207.61,60.61,330.58,43.50,56.50,1.00,1.00,15178.38,16775.73,16490.74,14893.38,43,56,56,43,,72780.00,,
2026-08-21T01:40:12+08:00,btc-updown-5m-1787247600,https://polymarket.com/zh/event/btc-updown-5m-1787247600,01:40-01:45,48.00,57.00,47.00,56.00,647.15,455.35,132.09,566.39,47.50,56.50,1.00,1.00,13400.92,14666.62,14874.61,15584.92,47,52,56,43,,72780.73,,
2026-08-21T01:40:17+08:00,btc-updown-5m-1787247600,https://polymarket.com/zh/event/btc-updown-5m-1787247600,01:40-01:45,44.00,57.00,43.00,56.00,498.47,209.62,189.62,511.88,43.50,56.50,1.00,1.00,13005.92,14797.61,15209.90,13416.21,43,56,56,43,,72782.55,,
2026-08-21T01:40:22+08:00,btc-updown-5m-1787247600,https://polymarket.com/zh/event/btc-updown-5m-1787247600,01:40-01:45,51.00,50.00,50.00,49.00,2.34,668.07,288.67,5.00,50.50,49.50,1.00,1.00,14147.92,15039.60,14834.60,14152.91,50,49,49,50,,72794.63,,
2026-08-21T01:40:28+08:00,btc-updown-5m-1787247600,https://polymarket.com/zh/event/btc-updown-5m-1787247600,01:40-01:45,46.00,55.00,45.00,54.00,764.10,106.23,95.73,724.17,45.50,54.50,1.00,1.00,11477.91,14504.44,14164.44,11237.91,45,54,54,45,,72791.49,,
2026-08-21T01:40:33+08:00,btc-updown-5m-1787247600,https://polymarket.com/zh/event/btc-updown-5m-1787247600,01:40-01:45,55.00,46.00,54.00,45.00,123.00,509.88,499.59,122.97,54.50,45.50,1.00,1.00,13062.91,12296.44,12321.44,13072.92,54,45,45,54,,72806.02,,
2026-08-21T01:40:38+08:00,btc-updown-5m-1787247600,https://polymarket.com/zh/event/btc-updown-5m-1787247600,01:40-01:45,60.00,41.00,59.00,40.00,323.61,54.19,274.34,579.48,59.50,40.50,1.00,1.00,13347.91,12565.44,12570.44,13357.91,59,40,40,59,,72808.55,,
2026-08-21T01:40:43+08:00,btc-updown-5m-1787247600,https://polymarket.com/zh/event/btc-updown-5m-1787247600,01:40-01:45,59.00,42.00,58.00,41.00,149.91,337.19,417.47,74.91,58.50,41.50,1.00,1.00,13284.91,12215.44,12540.44,13294.92,58,41,41,58,,72811.67,,
2026-08-21T01:40:49+08:00,btc-updown-5m-1787247600,https://polymarket.com/zh/event/btc-updown-5m-1787247600,01:40-01:45,53.00,46.00,52.00,45.00,89.00,251.54,208.17,249.76,52.50,45.50,1.00,1.00,12907.37,12786.44,12836.44,12822.37,52,47,45,54,,72802.19,,
2026-08-21T01:40:54+08:00,btc-updown-5m-1787247600,https://polymarket.com/zh/event/btc-updown-5m-1787247600,01:40-01:45,55.00,46.00,54.00,45.00,138.34,359.95,391.60,152.34,54.50,45.50,1.00,1.00,10132.37,10261.44,10261.44,10022.37,54,45,45,54,,72801.61,,
2026-08-21T01:40:59+08:00,btc-updown-5m-1787247600,https://polymarket.com/zh/event/btc-updown-5m-1787247600,01:40-01:45,54.00,47.00,53.00,46.00,15.01,759.65,654.65,15.01,53.50,46.50,1.00,1.00,10032.37,9791.44,9426.44,10632.38,53,46,46,53,,72801.61,,
2026-08-21T01:41:05+08:00,btc-updown-5m-1787247600,https://polymarket.com/zh/event/btc-updown-5m-1787247600,01:40-01:45,48.00,53.00,47.00,52.00,1240.94,286.08,195.34,912.04,47.50,52.50,1.00,1.00,12812.37,13576.44,13727.44,12822.37,47,52,52,47,,72787.69,,
2026-08-21T01:41:10+08:00,btc-updown-5m-1787247600,https://polymarket.com/zh/event/btc-updown-5m-1787247600,01:40-01:45,48.00,53.00,47.00,52.00,450.19,573.42,511.16,369.20,47.50,52.50,1.00,1.00,12424.37,12439.44,12554.44,12429.37,47,52,52,47,,72787.68,,
2026-08-21T01:41:15+08:00,btc-updown-5m-1787247600,https://polymarket.com/zh/event/btc-updown-5m-1787247600,01:40-01:45,55.00,46.00,54.00,45.00,474.19,90.11,96.64,513.43,54.50,45.50,1.00,1.00,13962.37,12680.55,12685.55,13472.38,54,45,45,54,,72799.46,,
2026-08-21T01:41:20+08:00,btc-updown-5m-1787247600,https://polymarket.com/zh/event/btc-updown-5m-1787247600,01:40-01:45,46.00,55.00,45.00,54.00,268.91,227.20,237.20,288.90,45.50,54.50,1.00,1.00,12426.37,12654.55,12630.55,12401.37,45,54,54,45,,72787.68,,
2026-08-21T01:41:26+08:00,btc-updown-5m-1787247600,https://polymarket.com/zh/event/btc-updown-5m-1787247600,01:40-01:45,24.00,77.00,23.00,76.00,199.10,368.84,465.03,199.08,23.50,76.50,1.00,1.00,7865.37,15729.55,15624.55,8950.37,23,76,76,23,,72750.55,,
2026-08-21T01:41:31+08:00,btc-updown-5m-1787247600,https://polymarket.com/zh/event/btc-updown-5m-1787247600,01:40-01:45,30.00,71.00,29.00,70.00,208.49,263.51,255.59,201.74,29.50,70.50,1.00,1.00,8535.37,15954.56,15870.55,8545.37,29,70,70,29,,72756.19,,
2026-08-21T01:41:36+08:00,btc-updown-5m-1787247600,https://polymarket.com/zh/event/btc-updown-5m-1787247600,01:40-01:45,26.00,75.00,25.00,74.00,54.00,277.09,437.12,112.11,25.50,74.50,1.00,1.00,7965.37,15849.55,15949.55,7970.37,25,74,74,25,,72751.66,,
2026-08-21T01:41:41+08:00,btc-updown-5m-1787247600,https://polymarket.com/zh/event/btc-updown-5m-1787247600,01:40-01:45,27.00,74.00,26.00,73.00,405.11,160.70,172.30,406.54,26.50,73.50,1.00,1.00,8075.37,15960.55,15875.56,7705.37,26,73,73,26,,72750.55,,
2026-08-21T01:41:47+08:00,btc-updown-5m-1787247600,https://polymarket.com/zh/event/btc-updown-5m-1787247600,01:40-01:45,24.00,77.00,23.00,76.00,15.00,205.12,184.12,336.17,23.50,76.50,1.00,1.00,7950.37,15960.55,15859.56,7960.37,23,76,76,23,,72750.56,,
2026-08-21T01:41:52+08:00,btc-updown-5m-1787247600,https://polymarket.com/zh/event/btc-updown-5m-1787247600,01:40-01:45,19.00,82.00,18.00,81.00,53.48,431.53,533.27,30.47,18.50,81.50,1.00,1.00,8355.37,13749.55,13855.55,8360.37,18,81,81,18,,72741.49,,
2026-08-21T01:41:58+08:00,btc-updown-5m-1787247600,https://polymarket.com/zh/event/btc-updown-5m-1787247600,01:40-01:45,28.00,73.00,27.00,72.00,132.93,118.43,251.81,248.01,27.50,72.50,1.00,1.00,8381.37,13144.55,13414.55,8386.37,27,72,72,27,,72757.37,,
2026-08-21T01:42:03+08:00,btc-updown-5m-1787247600,https://polymarket.com/zh/event/btc-updown-5m-1787247600,01:40-01:45,28.00,73.00,27.00,72.00,101.09,466.32,360.68,32.35,27.50,72.50,1.00,1.00,8311.37,13310.55,13401.55,8416.37,27,72,72,27,,72757.37,,
2026-08-21T01:42:08+08:00,btc-updown-5m-1787247600,https://polymarket.com/zh/event/btc-updown-5m-1787247600,01:40-01:45,25.00,76.00,24.00,75.00,227.03,309.44,284.44,250.02,24.50,75.50,1.00,1.00,8421.37,13165.55,13295.55,8416.37,24,75,75,24,,72757.37,,
2026-08-21T01:42:14+08:00,btc-updown-5m-1787247600,https://polymarket.com/zh/event/btc-updown-5m-1787247600,01:40-01:45,27.00,69.00,26.00,68.00,53.00,140.98,147.00,123.84,26.50,68.50,1.00,1.00,8426.37,12851.55,12845.55,8326.37,26,73,68,31,,72763.32,,
2026-08-21T01:42:19+08:00,btc-updown-5m-1787247600,https://polymarket.com/zh/event/btc-updown-5m-1787247600,01:40-01:45,30.00,71.00,29.00,70.00,144.53,204.41,198.41,184.53,29.50,70.50,1.00,1.00,8216.37,12760.55,13176.56,8221.37,29,70,70,29,,72763.31,,
2026-08-21T01:42:24+08:00,btc-updown-5m-1787247600,https://polymarket.com/zh/event/btc-updown-5m-1787247600,01:40-01:45,31.00,68.00,30.00,67.00,23.98,65.45,272.60,314.59,30.50,67.50,1.00,1.00,8386.37,13200.55,12856.56,8386.37,30,68,67,32,,72763.31,,
2026-08-21T01:42:29+08:00,btc-updown-5m-1787247600,https://polymarket.com/zh/event/btc-updown-5m-1787247600,01:40-01:45,33.00,68.00,32.00,67.00,148.79,486.60,414.50,159.75,32.50,67.50,1.00,1.00,12351.37,13295.55,12791.56,12366.37,32,67,67,32,,72773.75,,
2026-08-21T01:42:34+08:00,btc-updown-5m-1787247600,https://polymarket.com/zh/event/btc-updown-5m-1787247600,01:40-01:45,30.00,71.00,29.00,70.00,300.82,40.71,72.96,402.81,29.50,70.50,1.00,1.00,11986.37,12735.55,13155.55,11911.37,29,70,70,29,,72764.73,,
2026-08-21T01:42:40+08:00,btc-updown-5m-1787247600,https://polymarket.com/zh/event/btc-updown-5m-1787247600,01:40-01:45,33.00,68.00,32.00,67.00,533.27,125.00,140.00,644.27,32.50,67.50,1.00,1.00,11891.37,12710.55,13261.55,11630.29,32,67,67,32,,72770.41,,
2026-08-21T01:42:45+08:00,btc-updown-5m-1787247600,https://polymarket.com/zh/event/btc-updown-5m-1787247600,01:40-01:45,31.00,74.00,30.00,73.00,530.05,6.24,59.69,529.63,30.50,73.50,1.00,1.00,10265.29,12825.55,13285.56,11366.95,30,69,73,26,,72766.80,,
2026-08-21T01:42:50+08:00,btc-updown-5m-1787247600,https://polymarket.com/zh/event/btc-updown-5m-1787247600,01:40-01:45,19.00,82.00,18.00,81.00,207.83,172.81,193.91,172.30,18.50,81.50,1.00,1.00,12531.36,13166.55,13280.56,12536.36,18,81,81,18,,72756.37,,
2026-08-21T01:42:55+08:00,btc-updown-5m-1787247600,https://polymarket.com/zh/event/btc-updown-5m-1787247600,01:40-01:45,8.00,94.00,7.00,93.00,182.43,262.06,421.59,358.10,7.50,93.50,1.00,1.00,9879.46,13255.46,13166.46,9685.84,7,92,93,6,,72721.57,,
2026-08-21T01:43:00+08:00,btc-updown-5m-1787247600,https://polymarket.com/zh/event/btc-updown-5m-1787247600,01:40-01:45,4.00,97.00,3.00,96.00,402.70,1289.70,1339.41,336.92,3.50,96.50,1.00,1.00,5820.90,12151.46,12069.47,5734.19,3,96,96,3,,72704.17,,
2026-08-21T01:43:06+08:00,btc-updown-5m-1787247600,https://polymarket.com/zh/event/btc-updown-5m-1787247600,01:40-01:45,3.00,98.00,2.00,97.00,657.43,70.73,559.00,801.57,2.50,97.50,1.00,1.00,3311.70,11819.69,11815.69,2817.43,2,97,97,2,,72683.12,,
2026-08-21T01:43:11+08:00,btc-updown-5m-1787247600,https://polymarket.com/zh/event/btc-updown-5m-1787247600,01:40-01:45,2.00,98.00,1.00,97.00,1224.07,112.00,2209.39,854.06,1.50,97.50,1.00,1.00,2209.39,11719.69,11820.69,2270.89,1,98,97,2,,72683.12,,
2026-08-21T01:43:16+08:00,btc-updown-5m-1787247600,https://polymarket.com/zh/event/btc-updown-5m-1787247600,01:40-01:45,1.00,,,99.00,3069.99,,,3077.34,,,,,,11254.69,11259.69,,0,99,99,0,,72675.52,,
2026-08-21T01:43:21+08:00,btc-updown-5m-1787247600,https://polymarket.com/zh/event/btc-updown-5m-1787247600,01:40-01:45,1.00,,,99.00,2910.44,,,2890.44,,,,,,11160.69,11170.69,,0,99,99,0,,72661.74,,
2026-08-21T01:43:27+08:00,btc-updown-5m-1787247600,https://polymarket.com/zh/event/btc-updown-5m-1787247600,01:40-01:45,1.00,,,99.00,1721.29,,,1721.29,,,,,,11145.69,11145.69,,0,99,99,0,,72697.97,,
2026-08-21T01:43:32+08:00,btc-updown-5m-1787247600,https://polymarket.com/zh/event/btc-updown-5m-1787247600,01:40-01:45,5.00,93.00,4.00,92.00,232.20,66.34,337.25,225.33,4.50,92.50,1.00,1.00,1916.52,10689.69,10800.70,4871.82,4,95,92,7,,72728.52,,
2026-08-21T01:43:37+08:00,btc-updown-5m-1787247600,https://polymarket.com/zh/event/btc-updown-5m-1787247600,01:40-01:45,3.00,98.00,2.00,97.00,246.71,156.53,362.00,247.14,2.50,97.50,1.00,1.00,1299.14,11124.69,11229.69,965.67,2,97,97,2,,72718.09,,
2026-08-21T01:43:42+08:00,btc-updown-5m-1787247600,https://polymarket.com/zh/event/btc-updown-5m-1787247600,01:40-01:45,2.00,99.00,1.00,98.00,20.00,432.40,374.12,4.00,1.50,98.50,1.00,1.00,374.12,11124.69,11144.69,432.40,1,98,98,1,,72718.13,,
2026-08-21T01:43:47+08:00,btc-updown-5m-1787247600,https://polymarket.com/zh/event/btc-updown-5m-1787247600,01:40-01:45,4.00,97.00,3.00,96.00,302.97,235.00,233.83,302.97,3.50,96.50,1.00,1.00,1911.37,10469.69,10584.69,1887.54,3,96,96,3,,72732.99,,
2026-08-21T01:43:53+08:00,btc-updown-5m-1787247600,https://polymarket.com/zh/event/btc-updown-5m-1787247600,01:40-01:45,4.00,97.00,3.00,96.00,247.00,370.55,370.55,278.93,3.50,96.50,1.00,1.00,1875.17,10465.69,10469.69,1875.17,3,96,96,3,,72740.31,,
2026-08-21T01:43:58+08:00,btc-updown-5m-1787247600,https://polymarket.com/zh/event/btc-updown-5m-1787247600,01:40-01:45,2.00,99.00,1.00,98.00,301.00,256.08,380.40,253.00,1.50,98.50,1.00,1.00,380.40,10423.70,10318.70,256.08,1,98,98,1,,72701.52,,
2026-08-21T01:44:03+08:00,btc-updown-5m-1787247600,https://polymarket.com/zh/event/btc-updown-5m-1787247600,01:40-01:45,1.00,,,99.00,371.64,,,371.64,,,,,,10084.35,10095.35,,0,99,99,0,,72725.03,,
2026-08-21T01:44:08+08:00,btc-updown-5m-1787247600,https://polymarket.com/zh/event/btc-updown-5m-1787247600,01:40-01:45,1.00,,,99.00,506.64,,,514.64,,,,,,9635.35,9634.35,,0,99,99,0,,72712.60,,
2026-08-21T01:44:14+08:00,btc-updown-5m-1787247600,https://polymarket.com/zh/event/btc-updown-5m-1787247600,01:40-01:45,1.00,,,99.00,13013.75,,,13276.75,,,,,,9634.35,9645.35,,0,99,99,0,,72712.60,,
2026-08-21T01:44:19+08:00,btc-updown-5m-1787247600,https://polymarket.com/zh/event/btc-updown-5m-1787247600,01:40-01:45,1.00,,,99.00,16413.63,,,16413.63,,,,,,5435.35,5424.35,,0,99,99,0,,72725.03,,
2026-08-21T01:44:24+08:00,btc-updown-5m-1787247600,https://polymarket.com/zh/event/btc-updown-5m-1787247600,01:40-01:45,1.00,,,99.00,16969.26,,,16969.26,,,,,,5434.35,5434.35,,0,99,99,0,,72725.03,,
2026-08-21T01:44:29+08:00,btc-updown-5m-1787247600,https://polymarket.com/zh/event/btc-updown-5m-1787247600,01:40-01:45,0.10,,,99.90,13515.68,,,12525.68,,,,,,5445.35,5425.35,,0,105,106,0,,72712.60,,
2026-08-21T01:44:35+08:00,btc-updown-5m-1787247600,https://polymarket.com/zh/event/btc-updown-5m-1787247600,01:40-01:45,0.10,,,99.90,12530.68,,,12530.68,,,,,,4355.84,4361.84,,0,106,106,0,,72725.04,,
2026-08-21T01:44:40+08:00,btc-updown-5m-1787247600,https://polymarket.com/zh/event/btc-updown-5m-1787247600,01:40-01:45,0.10,,,99.90,14197.22,,,14197.22,,,,,,4256.84,4230.82,,0,106,106,0,,72725.03,,
2026-08-21T01:44:45+08:00,btc-updown-5m-1787247600,https://polymarket.com/zh/event/btc-updown-5m-1787247600,01:40-01:45,0.10,,,99.90,13936.90,,,13936.90,,,,,,4245.82,4230.82,,0,106,106,0,,72737.20,,
2026-08-21T01:44:50+08:00,btc-updown-5m-1787247600,https://polymarket.com/zh/event/btc-updown-5m-1787247600,01:40-01:45,0.10,,,99.90,13936.90,,,13936.90,,,,,,3986.78,3976.78,,0,108,108,0,,72749.23,,
2026-08-21T01:44:55+08:00,btc-updown-5m-1787247600,https://polymarket.com/zh/event/btc-updown-5m-1787247600,01:40-01:45,0.10,,,99.90,12061.89,,,12061.89,,,,,,3821.78,3807.78,,0,108,108,0,,72749.01,,
2026-08-21T01:45:02+08:00,btc-updown-5m-1787247900,https://polymarket.com/zh/event/btc-updown-5m-1787247900,01:45-01:50,50.00,51.00,49.00,50.00,150.80,85.95,387.12,328.46,49.50,50.50,1.00,1.00,13924.59,13260.54,13440.78,13859.59,49,50,50,49,72737.22,72728.49,,
2026-08-21T01:45:08+08:00,btc-updown-5m-1787247900,https://polymarket.com/zh/event/btc-updown-5m-1787247900,01:45-01:50,51.00,50.00,50.00,49.00,63.25,444.08,689.46,193.36,50.50,49.50,1.00,1.00,16044.64,15495.83,13490.83,15924.64,50,49,49,50,72737.22,72728.49,,
2026-08-21T01:45:13+08:00,btc-updown-5m-1787247900,https://polymarket.com/zh/event/btc-updown-5m-1787247900,01:45-01:50,53.00,48.00,52.00,47.00,496.01,212.57,212.57,496.01,52.50,47.50,1.00,1.00,16109.64,15528.33,15528.33,16109.64,52,47,47,52,72737.22,72725.07,,
2026-08-21T01:45:18+08:00,btc-updown-5m-1787247900,https://polymarket.com/zh/event/btc-updown-5m-1787247900,01:45-01:50,57.00,44.00,56.00,43.00,142.22,310.81,285.81,92.00,56.50,43.50,1.00,1.00,17600.27,16179.62,15984.32,17440.27,56,43,43,56,72737.22,72740.84,,
2026-08-21T01:45:23+08:00,btc-updown-5m-1787247900,https://polymarket.com/zh/event/btc-updown-5m-1787247900,01:45-01:50,53.00,47.00,52.00,46.00,265.91,175.00,111.26,195.00,52.50,46.50,1.00,1.00,11821.63,12115.32,11740.32,11661.63,52,47,46,53,72737.22,72732.02,,
2026-08-21T01:45:29+08:00,btc-updown-5m-1787247900,https://polymarket.com/zh/event/btc-updown-5m-1787247900,01:45-01:50,59.00,42.00,58.00,41.00,214.00,223.40,75.00,197.50,58.50,41.50,1.00,1.00,12211.63,11644.32,11504.32,12431.63,58,41,41,58,72737.22,72743.27,,
2026-08-21T01:45:34+08:00,btc-updown-5m-1787247900,https://polymarket.com/zh/event/btc-updown-5m-1787247900,01:45-01:50,59.00,42.00,58.00,41.00,148.72,152.65,232.65,228.72,58.50,41.50,1.00,1.00,10801.63,10456.32,10456.32,10811.64,58,41,41,58,72737.22,72743.27,,
2026-08-21T01:45:40+08:00,btc-updown-5m-1787247900,https://polymarket.com/zh/event/btc-updown-5m-1787247900,01:45-01:50,58.00,43.00,57.00,42.00,199.09,122.85,188.20,272.63,57.50,42.50,1.00,1.00,10810.28,10371.32,10361.32,10905.27,57,42,42,57,72737.22,72741.77,,
2026-08-21T01:45:45+08:00,btc-updown-5m-1787247900,https://polymarket.com/zh/event/btc-updown-5m-1787247900,01:45-01:50,71.00,31.00,70.00,30.00,129.00,448.73,505.04,178.42,70.50,30.50,1.00,1.00,13572.27,10166.32,9786.32,13502.27,70,29,30,69,72737.22,72770.28,,
2026-08-21T01:45:50+08:00,btc-updown-5m-1787247900,https://polymarket.com/zh/event/btc-updown-5m-1787247900,01:45-01:50,67.00,34.00,66.00,33.00,364.85,11.60,6.60,434.85,66.50,33.50,1.00,1.00,13817.28,10791.32,10866.32,13362.27,66,33,33,66,72737.22,72761.32,,
2026-08-21T01:45:55+08:00,btc-updown-5m-1787247900,https://polymarket.com/zh/event/btc-updown-5m-1787247900,01:45-01:50,54.00,50.00,53.00,49.00,202.59,67.12,96.79,269.54,53.50,49.50,1.00,1.00,10822.28,10362.32,12662.32,10812.27,53,46,49,50,72737.22,72729.93,,
2026-08-21T01:46:01+08:00,btc-updown-5m-1787247900,https://polymarket.com/zh/event/btc-updown-5m-1787247900,01:45-01:50,36.00,64.00,35.00,63.00,263.00,240.00,80.29,86.00,35.50,63.50,1.00,1.00,13441.60,16807.33,16792.32,13447.60,35,64,63,36,72737.22,72707.65,,
2026-08-21T01:46:06+08:00,btc-updown-5m-1787247900,https://polymarket.com/zh/event/btc-updown-5m-1787247900,01:45-01:50,47.00,54.00,46.00,53.00,293.87,306.48,226.48,303.65,46.50,53.50,1.00,1.00,13298.60,14448.32,14410.32,13169.24,46,53,53,46,72737.22,72715.87,,
2026-08-21T01:46:11+08:00,btc-updown-5m-1787247900,https://polymarket.com/zh/event/btc-updown-5m-1787247900,01:45-01:50,46.00,56.00,45.00,55.00,146.00,60.00,55.00,240.00,45.50,55.50,1.00,1.00,12879.24,14075.33,13971.32,13158.24,45,54,55,44,72737.22,72715.87,,
2026-08-21T01:46:17+08:00,btc-updown-5m-1787247900,https://polymarket.com/zh/event/btc-updown-5m-1787247900,01:45-01:50,38.00,63.00,37.00,62.00,220.97,610.61,295.61,164.97,37.50,62.50,1.00,1.00,12331.24,13808.33,13799.32,12731.24,37,62,62,37,72737.22,72708.48,,
2026-08-21T01:46:22+08:00,btc-updown-5m-1787247900,https://polymarket.com/zh/event/btc-updown-5m-1787247900,01:45-01:50,34.00,72.00,33.00,71.00,43.81,204.18,187.00,100.00,33.50,71.50,1.00,1.00,12120.24,13647.32,13642.32,8006.60,33,66,71,28,72737.22,72690.25,,
2026-08-21T01:46:27+08:00,btc-updown-5m-1787247900,https://polymarket.com/zh/event/btc-updown-5m-1787247900,01:45-01:50,35.00,65.00,34.00,64.00,384.18,263.97,11.34,299.25,34.50,64.50,1.00,1.00,8036.60,15817.32,15913.32,8561.60,34,65,64,35,72737.22,72699.58,,
2026-08-21T01:46:33+08:00,btc-updown-5m-1787247900,https://polymarket.com/zh/event/btc-updown-5m-1787247900,01:45-01:50,42.00,60.00,41.00,59.00,379.18,112.94,55.33,693.48,41.50,59.50,1.00,1.00,12456.60,15403.32,15902.32,12471.60,41,58,59,40,72737.22,72709.79,,
2026-08-21T01:46:38+08:00,btc-updown-5m-1787247900,https://polymarket.com/zh/event/btc-updown-5m-1787247900,01:45-01:50,46.00,52.00,45.00,51.00,109.00,89.55,324.50,7.34,45.50,51.50,1.00,1.00,14881.24,16082.32,16067.33,14866.24,45,54,51,48,72737.22,72741.99,,
2026-08-21T01:46:43+08:00,btc-updown-5m-1787247900,https://polymarket.com/zh/event/btc-updown-5m-1787247900,01:45-01:50,45.00,56.00,44.00,55.00,62.77,89.07,230.13,184.46,44.50,55.50,1.00,1.00,14716.24,15352.32,15217.32,15001.24,44,55,55,44,72737.22,72718.10,,
2026-08-21T01:46:48+08:00,btc-updown-5m-1787247900,https://polymarket.com/zh/event/btc-updown-5m-1787247900,01:45-01:50,45.00,55.00,44.00,54.00,60.44,10.00,601.85,588.84,44.50,54.50,1.00,1.00,14831.24,15607.32,15708.32,15011.24,44,55,54,45,72737.22,72717.47,,
2026-08-21T01:46:54+08:00,btc-updown-5m-1787247900,https://polymarket.com/zh/event/btc-updown-5m-1787247900,01:45-01:50,47.00,54.00,46.00,53.00,293.06,258.03,179.43,244.58,46.50,53.50,1.00,1.00,14866.24,15928.77,16018.76,14861.24,46,53,53,46,72737.22,72718.10,,
2026-08-21T01:46:59+08:00,btc-updown-5m-1787247900,https://polymarket.com/zh/event/btc-updown-5m-1787247900,01:45-01:50,32.00,69.00,31.00,68.00,425.37,163.34,246.32,556.16,31.50,68.50,1.00,1.00,14732.60,15787.76,15877.77,10722.60,31,68,68,31,72737.22,72697.00,,
2026-08-21T01:47:04+08:00,btc-updown-5m-1787247900,https://polymarket.com/zh/event/btc-updown-5m-1787247900,01:45-01:50,34.00,67.00,33.00,66.00,102.01,156.72,218.18,225.38,33.50,66.50,1.00,1.00,10698.60,15231.54,15235.54,10688.60,33,66,66,33,72737.22,72698.17,,
2026-08-21T01:47:10+08:00,btc-updown-5m-1787247900,https://polymarket.com/zh/event/btc-updown-5m-1787247900,01:45-01:50,45.00,55.00,44.00,54.00,206.88,15.60,266.70,10.00,44.50,54.50,1.00,1.00,14494.60,15175.54,14976.54,14449.60,44,55,54,45,72737.22,72711.12,,
2026-08-21T01:47:15+08:00,btc-updown-5m-1787247900,https://polymarket.com/zh/event/btc-updown-5m-1787247900,01:45-01:50,46.00,57.00,45.00,56.00,121.00,311.83,219.09,84.00,45.50,56.50,1.00,1.00,14659.60,15201.54,15110.54,14709.60,45,54,56,43,72737.22,72719.99,,
2026-08-21T01:47:20+08:00,btc-updown-5m-1787247900,https://polymarket.com/zh/event/btc-updown-5m-1787247900,01:45-01:50,44.00,60.00,43.00,57.00,378.06,191.00,65.25,255.24,43.50,58.50,1.00,3.00,14794.60,15626.55,15576.54,14448.60,43,56,57,40,72737.22,72719.09,,
2026-08-21T01:47:25+08:00,btc-updown-5m-1787247900,https://polymarket.com/zh/event/btc-updown-5m-1787247900,01:45-01:50,33.00,68.00,32.00,67.00,210.36,461.36,334.69,234.19,32.50,67.50,1.00,1.00,11673.60,15536.54,15441.54,10603.60,32,67,67,32,72737.22,72699.21,,
2026-08-21T01:47:30+08:00,btc-updown-5m-1787247900,https://polymarket.com/zh/event/btc-updown-5m-1787247900,01:45-01:50,28.00,69.00,27.00,68.00,171.57,461.42,114.07,113.36,27.50,68.50,1.00,1.00,12513.59,15635.26,15745.26,12513.59,27,72,68,31,72737.22,72705.20,,
2026-08-21T01:47:36+08:00,btc-updown-5m-1787247900,https://polymarket.com/zh/event/btc-updown-5m-1787247900,01:45-01:50,44.00,45.00,43.00,44.00,146.00,5.00,167.16,107.15,43.50,44.50,1.00,1.00,14288.60,15689.26,15814.27,14589.60,43,56,44,52,72737.22,72725.04,,
2026-08-21T01:47:41+08:00,btc-updown-5m-1787247900,https://polymarket.com/zh/event/btc-updown-5m-1787247900,01:45-01:50,42.00,55.00,41.00,54.00,20.88,191.43,378.14,30.64,41.50,54.50,1.00,1.00,14533.60,15299.27,15314.26,14614.60,41,58,54,45,72737.22,72714.60,,
2026-08-21T01:47:46+08:00,btc-updown-5m-1787247900,https://polymarket.com/zh/event/btc-updown-5m-1787247900,01:45-01:50,37.00,65.00,36.00,64.00,306.15,56.99,15.60,632.99,36.50,64.50,1.00,1.00,14033.60,15844.26,15754.26,14058.60,36,63,64,35,72737.22,72707.65,,
2026-08-21T01:47:51+08:00,btc-updown-5m-1787247900,https://polymarket.com/zh/event/btc-updown-5m-1787247900,01:45-01:50,36.00,64.00,35.00,63.00,206.00,651.84,10.00,31.00,35.50,63.50,1.00,1.00,14533.60,15594.26,15754.26,14528.60,35,64,63,36,72737.22,72707.63,,
2026-08-21T01:47:57+08:00,btc-updown-5m-1787247900,https://polymarket.com/zh/event/btc-updown-5m-1787247900,01:45-01:50,38.00,64.00,37.00,63.00,688.55,81.91,39.37,534.74,37.50,63.50,1.00,1.00,14518.51,15615.18,15760.17,10588.51,37,62,63,36,72737.22,72709.05,,
2026-08-21T01:48:02+08:00,btc-updown-5m-1787247900,https://polymarket.com/zh/event/btc-updown-5m-1787247900,01:45-01:50,75.00,26.00,74.00,25.00,194.90,172.03,16.03,188.83,74.50,25.50,1.00,1.00,14641.15,16133.83,12133.83,15021.15,74,25,25,74,72737.22,72752.87,,
2026-08-21T01:48:07+08:00,btc-updown-5m-1787247900,https://polymarket.com/zh/event/btc-updown-5m-1787247900,01:45-01:50,67.00,34.00,66.00,33.00,121.58,413.29,341.29,166.49,66.50,33.50,1.00,1.00,14602.16,10465.88,10395.88,14187.15,66,33,33,66,72737.22,72749.20,,
2026-08-21T01:48:12+08:00,btc-updown-5m-1787247900,https://polymarket.com/zh/event/btc-updown-5m-1787247900,01:45-01:50,64.00,34.00,63.00,33.00,35.64,383.68,517.86,113.00,63.50,33.50,1.00,1.00,14318.51,14840.88,11000.88,13643.51,63,36,33,66,72737.22,72742.22,,
2026-08-21T01:48:18+08:00,btc-updown-5m-1787247900,https://polymarket.com/zh/event/btc-updown-5m-1787247900,01:45-01:50,67.00,35.00,65.00,34.00,211.03,525.93,461.70,215.16,66.00,34.50,2.00,1.00,14707.15,10850.88,10845.88,14348.51,65,33,34,65,72737.22,72745.29,,
2026-08-21T01:48:23+08:00,btc-updown-5m-1787247900,https://polymarket.com/zh/event/btc-updown-5m-1787247900,01:45-01:50,49.00,53.00,48.00,52.00,244.78,5.00,167.11,609.78,48.50,52.50,1.00,1.00,14068.51,15021.88,14906.88,13648.51,48,51,52,47,72737.22,72725.55,,
2026-08-21T01:48:28+08:00,btc-updown-5m-1787247900,https://polymarket.com/zh/event/btc-updown-5m-1787247900,01:45-01:50,56.00,46.00,55.00,45.00,412.87,112.50,21.00,227.60,55.50,45.50,1.00,1.00,14053.51,14190.88,14266.88,14733.51,55,44,45,54,72737.22,72730.05,,
2026-08-21T01:48:34+08:00,btc-updown-5m-1787247900,https://polymarket.com/zh/event/btc-updown-5m-1787247900,01:45-01:50,46.00,54.00,45.00,53.00,215.25,158.09,85.00,200.22,45.50,53.50,1.00,1.00,14142.51,14745.88,14911.89,14157.51,45,54,53,46,72737.22,72721.57,,
2026-08-21T01:48:39+08:00,btc-updown-5m-1787247900,https://polymarket.com/zh/event/btc-updown-5m-1787247900,01:45-01:50,35.00,66.00,34.00,65.00,163.26,31.00,311.05,388.43,34.50,65.50,1.00,1.00,10602.51,15236.89,15162.88,10607.51,34,65,65,34,72737.22,72714.42,,
2026-08-21T01:48:45+08:00,btc-updown-5m-1787247900,https://polymarket.com/zh/event/btc-updown-5m-1787247900,01:45-01:50,63.00,38.00,62.00,37.00,24.32,7.68,86.01,205.59,62.50,37.50,1.00,1.00,15942.52,17255.87,17285.87,15867.51,62,37,37,62,72737.22,72731.99,,
2026-08-21T01:48:50+08:00,btc-updown-5m-1787247900,https://polymarket.com/zh/event/btc-updown-5m-1787247900,01:45-01:50,67.00,33.00,66.00,32.00,105.00,153.07,86.00,53.38,66.50,32.50,1.00,1.00,16057.51,14144.21,14139.21,15715.16,66,33,32,67,72737.22,72738.96,,
2026-08-21T01:48:55+08:00,btc-updown-5m-1787247900,https://polymarket.com/zh/event/btc-updown-5m-1787247900,01:45-01:50,62.00,59.00,60.00,58.00,199.00,85.00,5.00,65.00,61.00,58.50,2.00,1.00,14742.52,15025.88,13914.90,14659.52,55,38,58,37,72737.22,72721.57,,
2026-08-21T01:49:00+08:00,btc-updown-5m-1787247900,https://polymarket.com/zh/event/btc-updown-5m-1787247900,01:45-01:50,39.00,62.00,38.00,60.00,68.00,16.60,40.44,50.00,38.50,61.00,1.00,2.00,13033.18,14240.89,14187.89,13028.18,38,61,60,38,72737.22,72717.95,,
2026-08-21T01:49:05+08:00,btc-updown-5m-1787247900,https://polymarket.com/zh/event/btc-updown-5m-1787247900,01:45-01:50,37.00,62.00,36.00,61.00,86.81,261.24,25.00,98.10,36.50,61.50,1.00,1.00,6751.18,11077.54,11617.54,6876.18,36,63,61,38,72737.22,72732.52,,
2026-08-21T01:49:11+08:00,btc-updown-5m-1787247900,https://polymarket.com/zh/event/btc-updown-5m-1787247900,01:45-01:50,82.00,20.00,81.00,19.00,229.46,86.12,141.06,67.17,81.50,19.50,1.00,1.00,12301.82,7321.54,7321.54,12111.82,81,18,19,80,72737.22,72745.73,,
2026-08-21T01:49:16+08:00,btc-updown-5m-1787247900,https://polymarket.com/zh/event/btc-updown-5m-1787247900,01:45-01:50,79.00,22.00,77.00,21.00,17.00,56.06,78.86,25.97,78.00,21.50,2.00,1.00,7373.18,7401.54,7101.54,7878.18,77,21,21,78,72737.22,72738.77,,
2026-08-21T01:49:21+08:00,btc-updown-5m-1787247900,https://polymarket.com/zh/event/btc-updown-5m-1787247900,01:45-01:50,85.00,17.00,83.00,16.00,1060.00,323.49,20.00,5.00,84.00,16.50,2.00,1.00,7948.18,6538.76,6538.76,7443.18,83,15,16,83,72737.22,72738.77,,
2026-08-21T01:49:27+08:00,btc-updown-5m-1787247900,https://polymarket.com/zh/event/btc-updown-5m-1787247900,01:45-01:50,87.00,18.00,86.00,17.00,45.92,1.98,137.95,67.65,86.50,17.50,1.00,1.00,7318.18,6528.76,6578.76,7723.19,86,13,15,76,72737.22,72730.00,,
2026-08-21T01:49:32+08:00,btc-updown-5m-1787247900,https://polymarket.com/zh/event/btc-updown-5m-1787247900,01:45-01:50,86.00,14.00,85.00,13.00,29.72,36.52,44.53,73.98,85.50,13.50,1.00,1.00,7088.18,5704.26,5704.26,6598.18,83,14,13,83,72737.22,72730.00,,
2026-08-21T01:49:37+08:00,btc-updown-5m-1787247900,https://polymarket.com/zh/event/btc-updown-5m-1787247900,01:45-01:50,99.00,2.00,98.00,1.00,2091.30,330.71,157.51,2100.09,98.50,1.50,1.00,1.00,5702.18,2091.30,2100.09,6207.18,98,1,1,98,72737.22,72744.27,,
2026-08-21T01:49:42+08:00,btc-updown-5m-1787247900,https://polymarket.com/zh/event/btc-updown-5m-1787247900,01:45-01:50,,1.00,99.00,,,3124.40,2464.43,,,,,,5352.18,,,5357.18,99,0,0,99,72737.22,72745.48,,
2026-08-21T01:49:48+08:00,btc-updown-5m-1787247900,https://polymarket.com/zh/event/btc-updown-5m-1787247900,01:45-01:50,,1.00,99.00,,,18564.69,18343.69,,,,,,5352.18,,,5852.18,99,0,0,99,72737.22,72777.23,,
2026-08-21T01:49:53+08:00,btc-updown-5m-1787247900,https://polymarket.com/zh/event/btc-updown-5m-1787247900,01:45-01:50,,1.00,99.00,,,24437.40,24457.39,,,,,,5280.24,,,4785.25,99,0,0,99,72737.22,72789.01,,
2026-08-21T01:49:58+08:00,btc-updown-5m-1787247900,https://polymarket.com/zh/event/btc-updown-5m-1787247900,01:45-01:50,,1.00,99.00,,,33453.46,33433.46,,,,,,3450.24,,,3440.24,99,0,0,99,72737.22,72780.73,,
2026-08-21T01:50:05+08:00,btc-updown-5m-1787248200,https://polymarket.com/zh/event/btc-updown-5m-1787248200,01:50-01:55,59.00,42.00,58.00,41.00,15.00,494.69,218.03,180.76,58.50,41.50,1.00,1.00,15914.60,13600.29,15365.29,17019.60,58,41,41,58,,72763.32,,
2026-08-21T01:50:10+08:00,btc-updown-5m-1787248200,https://polymarket.com/zh/event/btc-updown-5m-1787248200,01:50-01:55,57.00,44.00,56.00,43.00,398.23,169.39,85.94,262.01,56.50,43.50,1.00,1.00,15124.66,13500.34,13520.34,15119.65,56,43,43,56,,72754.57,,
2026-08-21T01:50:15+08:00,btc-updown-5m-1787248200,https://polymarket.com/zh/event/btc-updown-5m-1787248200,01:50-01:55,64.00,37.00,63.00,36.00,286.68,121.07,149.48,379.19,63.50,36.50,1.00,1.00,17804.65,16349.34,16299.34,17864.65,63,36,36,63,,72774.48,,
2026-08-21T01:50:21+08:00,btc-updown-5m-1787248200,https://polymarket.com/zh/event/btc-updown-5m-1787248200,01:50-01:55,64.00,37.00,63.00,36.00,465.25,210.00,217.12,404.44,63.50,36.50,1.00,1.00,15106.64,13526.33,12361.33,13906.64,63,36,36,63,,72774.53,,
2026-08-21T01:50:26+08:00,btc-updown-5m-1787248200,https://polymarket.com/zh/event/btc-updown-5m-1787248200,01:50-01:55,72.00,30.00,70.00,29.00,83.10,168.28,65.00,146.92,71.00,29.50,2.00,1.00,16061.65,11491.33,11091.33,15691.65,70,28,29,70,,72790.25,,
2026-08-21T01:50:31+08:00,btc-updown-5m-1787248200,https://polymarket.com/zh/event/btc-updown-5m-1787248200,01:50-01:55,71.00,27.00,70.00,26.00,149.30,499.31,424.16,14.36,70.50,26.50,1.00,1.00,13315.65,10836.33,10418.33,13540.64,70,29,26,73,,72801.02,,
2026-08-21T01:50:37+08:00,btc-updown-5m-1787248200,https://polymarket.com/zh/event/btc-updown-5m-1787248200,01:50-01:55,71.00,28.00,70.00,27.00,5.00,124.90,804.75,283.78,70.50,27.50,1.00,1.00,13459.64,10458.33,10408.33,14463.64,70,29,27,72,,72795.51,,
2026-08-21T01:50:42+08:00,btc-updown-5m-1787248200,https://polymarket.com/zh/event/btc-updown-5m-1787248200,01:50-01:55,73.00,22.00,72.00,21.00,171.89,266.00,504.97,32.50,72.50,21.50,1.00,1.00,13496.64,10413.33,10053.33,13844.64,72,27,21,78,,72812.03,,
2026-08-21T01:50:47+08:00,btc-updown-5m-1787248200,https://polymarket.com/zh/event/btc-updown-5m-1787248200,01:50-01:55,70.00,31.00,69.00,30.00,68.31,332.75,70.67,63.77,69.50,30.50,1.00,1.00,11583.64,11003.33,11133.33,11733.64,69,30,30,69,,72791.32,,
2026-08-21T01:50:52+08:00,btc-updown-5m-1787248200,https://polymarket.com/zh/event/btc-updown-5m-1787248200,01:50-01:55,78.00,23.00,77.00,22.00,76.92,105.94,457.58,199.46,77.50,22.50,1.00,1.00,11718.64,11593.33,11588.33,11818.64,77,22,22,77,,72805.07,,
2026-08-21T01:50:57+08:00,btc-updown-5m-1787248200,https://polymarket.com/zh/event/btc-updown-5m-1787248200,01:50-01:55,79.00,23.00,78.00,22.00,387.07,555.72,109.33,346.31,78.50,22.50,1.00,1.00,11243.64,10748.33,11038.33,11248.64,78,21,22,77,,72808.55,,
2026-08-21T01:51:03+08:00,btc-updown-5m-1787248200,https://polymarket.com/zh/event/btc-updown-5m-1787248200,01:50-01:55,74.00,27.00,73.00,26.00,95.59,621.02,517.78,83.53,73.50,26.50,1.00,1.00,14788.64,10678.33,10453.33,15088.64,73,26,26,73,,72799.87,,
2026-08-21T01:51:08+08:00,btc-updown-5m-1787248200,https://polymarket.com/zh/event/btc-updown-5m-1787248200,01:50-01:55,81.00,20.00,80.00,19.00,255.76,127.00,283.38,396.36,80.50,19.50,1.00,1.00,13700.64,11086.33,11380.33,13605.65,80,19,19,80,,72808.55,,
2026-08-21T01:51:13+08:00,btc-updown-5m-1787248200,https://polymarket.com/zh/event/btc-updown-5m-1787248200,01:50-01:55,85.00,16.00,83.00,15.00,392.67,311.90,817.23,485.88,84.00,15.50,2.00,1.00,13385.64,9195.33,12384.32,13485.64,83,15,15,84,,72822.47,,
2026-08-21T01:51:18+08:00,btc-updown-5m-1787248200,https://polymarket.com/zh/event/btc-updown-5m-1787248200,01:50-01:55,91.00,12.00,90.00,11.00,1109.56,487.05,112.34,60.19,90.50,11.50,1.00,1.00,13380.64,12221.06,13324.90,13475.64,90,9,11,88,,72845.30,,
2026-08-21T01:51:24+08:00,btc-updown-5m-1787248200,https://polymarket.com/zh/event/btc-updown-5m-1787248200,01:50-01:55,89.00,12.00,88.00,11.00,332.89,344.32,58.00,380.48,88.50,11.50,1.00,1.00,13980.64,11675.89,12197.89,13390.64,88,11,11,88,,72842.00,,
2026-08-21T01:51:29+08:00,btc-updown-5m-1787248200,https://polymarket.com/zh/event/btc-updown-5m-1787248200,01:50-01:55,90.00,11.00,89.00,10.00,5.00,578.28,660.60,41.76,89.50,10.50,1.00,1.00,13400.64,12992.89,13042.89,13900.64,89,10,10,89,,72848.99,,
2026-08-21T01:51:34+08:00,btc-updown-5m-1787248200,https://polymarket.com/zh/event/btc-updown-5m-1787248200,01:50-01:55,94.00,7.00,93.00,6.00,653.44,135.30,496.99,1090.56,93.50,6.50,1.00,1.00,13515.64,11617.89,12685.89,14025.65,93,6,6,93,,72864.01,,
2026-08-21T01:51:39+08:00,btc-updown-5m-1787248200,https://polymarket.com/zh/event/btc-updown-5m-1787248200,01:50-01:55,94.00,7.00,93.00,6.00,532.77,113.60,467.47,612.66,93.50,6.50,1.00,1.00,13905.65,12653.89,12858.89,13920.64,93,6,6,93,,72862.57,,
2026-08-21T01:51:44+08:00,btc-updown-5m-1787248200,https://polymarket.com/zh/event/btc-updown-5m-1787248200,01:50-01:55,93.00,8.00,92.00,7.00,228.94,443.75,351.15,156.94,92.50,7.50,1.00,1.00,13450.64,12706.89,12714.69,12960.64,92,7,7,92,,72862.37,,
2026-08-21T01:51:50+08:00,btc-updown-5m-1787248200,https://polymarket.com/zh/event/btc-updown-5m-1787248200,01:50-01:55,93.00,8.00,92.00,7.00,389.14,445.63,654.97,389.14,92.50,7.50,1.00,1.00,14000.64,12522.72,12504.89,13500.64,92,7,7,92,,72851.33,,
2026-08-21T01:51:55+08:00,btc-updown-5m-1787248200,https://polymarket.com/zh/event/btc-updown-5m-1787248200,01:50-01:55,94.00,7.00,93.00,6.00,80.00,246.50,495.36,274.67,93.50,6.50,1.00,1.00,13905.64,11702.08,11897.29,13500.64,93,6,6,93,,72859.49,,
2026-08-21T01:52:00+08:00,btc-updown-5m-1787248200,https://polymarket.com/zh/event/btc-updown-5m-1787248200,01:50-01:55,96.00,5.00,95.00,4.00,922.51,33.00,114.81,1241.21,95.50,4.50,1.00,1.00,12256.64,10100.68,10474.38,12751.65,95,4,4,95,,72857.29,,
2026-08-21T01:52:06+08:00,btc-updown-5m-1787248200,https://polymarket.com/zh/event/btc-updown-5m-1787248200,01:50-01:55,96.00,4.00,95.00,3.00,525.06,396.00,197.63,1317.04,95.50,3.50,1.00,1.00,12449.40,9623.19,6295.24,12894.40,95,4,3,96,,72878.16,,
2026-08-21T01:52:11+08:00,btc-updown-5m-1787248200,https://polymarket.com/zh/event/btc-updown-5m-1787248200,01:50-01:55,96.00,5.00,95.00,4.00,532.25,207.40,464.84,915.25,95.50,4.50,1.00,1.00,12349.41,8820.77,9178.07,11844.40,95,4,4,95,,72863.15,,
2026-08-21T01:52:16+08:00,btc-updown-5m-1787248200,https://polymarket.com/zh/event/btc-updown-5m-1787248200,01:50-01:55,95.00,6.00,94.00,5.00,547.37,235.15,156.14,547.37,94.50,5.50,1.00,1.00,11844.40,9708.14,9678.14,11959.40,94,5,5,94,,72857.28,,
2026-08-21T01:52:21+08:00,btc-updown-5m-1787248200,https://polymarket.com/zh/event/btc-updown-5m-1787248200,01:50-01:55,94.00,7.00,93.00,6.00,548.83,217.27,153.58,493.19,93.50,6.50,1.00,1.00,11934.40,9759.02,9759.02,11929.40,93,6,6,93,,72841.77,,
2026-08-21T01:52:26+08:00,btc-updown-5m-1787248200,https://polymarket.com/zh/event/btc-updown-5m-1787248200,01:50-01:55,96.00,6.00,95.00,5.00,1056.98,155.00,58.78,438.51,95.50,5.50,1.00,1.00,12859.40,7582.81,7831.08,12314.40,95,4,5,94,,72841.52,,
2026-08-21T01:52:32+08:00,btc-updown-5m-1787248200,https://polymarket.com/zh/event/btc-updown-5m-1787248200,01:50-01:55,96.00,5.00,95.00,4.00,283.07,61.92,404.65,387.47,95.50,4.50,1.00,1.00,12769.40,6782.47,7481.87,12369.40,95,4,4,95,,72857.29,,
2026-08-21T01:52:37+08:00,btc-updown-5m-1787248200,https://polymarket.com/zh/event/btc-updown-5m-1787248200,01:50-01:55,97.00,4.00,96.00,3.00,134.64,1000.96,915.64,133.60,96.50,3.50,1.00,1.00,12359.40,5322.14,5276.10,12759.40,96,3,3,96,,72864.26,,
2026-08-21T01:52:42+08:00,btc-updown-5m-1787248200,https://polymarket.com/zh/event/btc-updown-5m-1787248200,01:50-01:55,98.00,3.00,97.00,2.00,892.68,1024.22,759.25,762.28,97.50,2.50,1.00,1.00,12264.40,4838.99,4588.59,12184.40,97,2,2,97,,72864.32,,
2026-08-21T01:52:47+08:00,btc-updown-5m-1787248200,https://polymarket.com/zh/event/btc-updown-5m-1787248200,01:50-01:55,,1.00,99.00,,,10969.08,10919.08,,,,,,11655.16,,,12150.16,99,0,0,99,,72936.36,,
2026-08-21T01:52:52+08:00,btc-updown-5m-1787248200,https://polymarket.com/zh/event/btc-updown-5m-1787248200,01:50-01:55,,1.00,99.00,,,10068.53,10368.53,,,,,,12065.17,,,11560.16,99,0,0,99,,72940.42,,
2026-08-21T01:52:58+08:00,btc-updown-5m-1787248200,https://polymarket.com/zh/event/btc-updown-5m-1787248200,01:50-01:55,,1.00,99.00,,,3060.19,3060.19,,,,,,11095.07,,,11595.07,99,0,0,99,,72931.05,,
2026-08-21T01:53:03+08:00,btc-updown-5m-1787248200,https://polymarket.com/zh/event/btc-updown-5m-1787248200,01:50-01:55,,1.00,99.00,,,3297.35,3240.57,,,,,,10955.07,,,11445.07,99,0,0,99,,72892.10,,
2026-08-21T01:53:08+08:00,btc-updown-5m-1787248200,https://polymarket.com/zh/event/btc-updown-5m-1787248200,01:50-01:55,,1.00,99.00,,,3036.29,3565.30,,,,,,11445.07,,,10945.07,99,0,0,99,,72885.13,,
2026-08-21T01:53:13+08:00,btc-updown-5m-1787248200,https://polymarket.com/zh/event/btc-updown-5m-1787248200,01:50-01:55,89.00,10.00,88.00,9.00,435.33,245.50,326.58,428.02,88.50,9.50,1.00,1.00,11566.44,3800.34,4581.02,12399.76,88,9,9,90,,72810.58,,
2026-08-21T01:53:19+08:00,btc-updown-5m-1787248200,https://polymarket.com/zh/event/btc-updown-5m-1787248200,01:50-01:55,79.00,22.00,78.00,21.00,161.05,322.80,149.31,188.14,78.50,21.50,1.00,1.00,12224.76,4638.80,3092.81,11526.43,78,21,21,78,,72787.68,,
2026-08-21T01:53:24+08:00,btc-updown-5m-1787248200,https://polymarket.com/zh/event/btc-updown-5m-1787248200,01:50-01:55,89.00,9.00,88.00,8.00,205.88,165.94,368.52,88.51,88.50,8.50,1.00,1.00,12226.44,2990.81,3664.81,11321.43,88,11,8,91,,72805.08,,
2026-08-21T01:53:29+08:00,btc-updown-5m-1787248200,https://polymarket.com/zh/event/btc-updown-5m-1787248200,01:50-01:55,98.00,3.00,97.00,2.00,251.50,644.01,528.35,171.50,97.50,2.50,1.00,1.00,11395.07,721.50,617.50,11895.07,97,2,2,97,,72848.84,,
2026-08-21T01:53:34+08:00,btc-updown-5m-1787248200,https://polymarket.com/zh/event/btc-updown-5m-1787248200,01:50-01:55,98.00,3.00,97.00,2.00,651.98,156.00,165.00,457.30,97.50,2.50,1.00,1.00,11895.07,3346.97,3157.29,12000.07,97,2,2,97,,72839.88,,
2026-08-21T01:53:39+08:00,btc-updown-5m-1787248200,https://polymarket.com/zh/event/btc-updown-5m-1787248200,01:50-01:55,,1.00,99.00,,,1406.62,1359.97,,,,,,11395.07,,,11895.07,99,0,0,99,,72850.12,,
2026-08-21T01:53:45+08:00,btc-updown-5m-1787248200,https://polymarket.com/zh/event/btc-updown-5m-1787248200,01:50-01:55,,1.00,99.00,,,1204.80,1209.81,,,,,,11900.08,,,11395.07,99,0,0,99,,72846.82,,
2026-08-21T01:53:50+08:00,btc-updown-5m-1787248200,https://polymarket.com/zh/event/btc-updown-5m-1787248200,01:50-01:55,,1.00,99.00,,,1834.38,1326.93,,,,,,10735.08,,,11230.07,99,0,0,99,,72852.33,,
2026-08-21T01:53:55+08:00,btc-updown-5m-1787248200,https://polymarket.com/zh/event/btc-updown-5m-1787248200,01:50-01:55,,1.00,99.00,,,1564.38,1564.38,,,,,,10730.07,,,10633.08,99,0,0,99,,72836.42,,
2026-08-21T01:54:00+08:00,btc-updown-5m-1787248200,https://polymarket.com/zh/event/btc-updown-5m-1787248200,01:50-01:55,,1.00,99.00,,,4593.43,2892.44,,,,,,10123.08,,,9884.74,99,0,0,99,,72845.01,,
2026-08-21T01:54:05+08:00,btc-updown-5m-1787248200,https://polymarket.com/zh/event/btc-updown-5m-1787248200,01:50-01:55,,1.00,99.00,,,13119.88,12756.21,,,,,,9879.74,,,9884.75,99,0,0,99,,72852.35,,
2026-08-21T01:54:11+08:00,btc-updown-5m-1787248200,https://polymarket.com/zh/event/btc-updown-5m-1787248200,01:50-01:55,,1.00,99.00,,,15044.66,14439.65,,,,,,10384.74,,,10389.75,99,0,0,99,,72858.70,,
2026-08-21T01:54:16+08:00,btc-updown-5m-1787248200,https://polymarket.com/zh/event/btc-updown-5m-1787248200,01:50-01:55,,1.00,99.00,,,21099.30,21257.47,,,,,,5689.74,,,5684.74,99,0,0,99,,72873.40,,
2026-08-21T01:54:21+08:00,btc-updown-5m-1787248200,https://polymarket.com/zh/event/btc-updown-5m-1787248200,01:50-01:55,,1.00,99.00,,,21203.14,20897.36,,,,,,5629.74,,,6129.74,99,0,0,99,,72864.24,,
2026-08-21T01:54:26+08:00,btc-updown-5m-1787248200,https://polymarket.com/zh/event/btc-updown-5m-1787248200,01:50-01:55,,1.00,99.00,,,21598.75,21548.75,,,,,,5624.74,,,6129.74,99,0,0,99,,72871.19,,
2026-08-21T01:54:32+08:00,btc-updown-5m-1787248200,https://polymarket.com/zh/event/btc-updown-5m-1787248200,01:50-01:55,,0.10,99.90,,,13495.52,13495.52,,,,,,6096.11,,,5341.10,104,0,0,104,,72879.58,,
2026-08-21T01:54:37+08:00,btc-updown-5m-1787248200,https://polymarket.com/zh/event/btc-updown-5m-1787248200,01:50-01:55,,0.10,99.90,,,13505.52,13505.52,,,,,,4282.34,,,4282.33,105,0,0,105,,72891.18,,
2026-08-21T01:54:42+08:00,btc-updown-5m-1787248200,https://polymarket.com/zh/event/btc-updown-5m-1787248200,01:50-01:55,,0.10,99.90,,,17390.98,17375.98,,,,,,4272.33,,,4287.33,105,0,0,105,,72881.66,,
2026-08-21T01:54:47+08:00,btc-updown-5m-1787248200,https://polymarket.com/zh/event/btc-updown-5m-1787248200,01:50-01:55,,0.10,99.90,,,17914.71,17914.71,,,,,,4732.33,,,4227.33,105,0,0,105,,72874.66,,
2026-08-21T01:54:53+08:00,btc-updown-5m-1787248200,https://polymarket.com/zh/event/btc-updown-5m-1787248200,01:50-01:55,,0.10,99.90,,,18059.71,17959.71,,,,,,3848.29,,,4368.29,107,0,0,107,,72882.54,,
2026-08-21T01:54:58+08:00,btc-updown-5m-1787248200,https://polymarket.com/zh/event/btc-updown-5m-1787248200,01:50-01:55,,0.10,99.90,,,21159.81,21159.81,,,,,,3117.29,,,2612.29,107,0,0,108,,72871.18,,
2026-08-21T01:55:05+08:00,btc-updown-5m-1787248500,https://polymarket.com/zh/event/btc-updown-5m-1787248500,01:55-02:00,41.00,59.00,40.00,58.00,608.29,331.45,135.63,7.61,40.50,58.50,1.00,1.00,16489.33,15794.65,15949.64,16944.33,40,59,58,41,,72854.37,,
2026-08-21T01:55:10+08:00,btc-updown-5m-1787248500,https://polymarket.com/zh/event/btc-updown-5m-1787248500,01:55-02:00,38.00,64.00,37.00,63.00,58.94,386.85,503.63,93.00,37.50,63.50,1.00,1.00,15333.61,14955.78,14972.65,15068.61,37,62,63,36,,72839.89,,
2026-08-21T01:55:16+08:00,btc-updown-5m-1787248500,https://polymarket.com/zh/event/btc-updown-5m-1787248500,01:55-02:00,34.00,68.00,33.00,67.00,777.61,34.44,119.05,694.93,33.50,67.50,1.00,1.00,16371.61,17552.65,17547.65,16381.61,33,66,67,32,,72827.59,,
2026-08-21T01:55:21+08:00,btc-updown-5m-1787248500,https://polymarket.com/zh/event/btc-updown-5m-1787248500,01:55-02:00,29.00,71.00,28.00,70.00,95.00,15.00,467.98,87.25,28.50,70.50,1.00,1.00,15523.60,15586.65,14032.64,14284.60,28,71,70,29,,72825.35,,
2026-08-21T01:55:26+08:00,btc-updown-5m-1787248500,https://polymarket.com/zh/event/btc-updown-5m-1787248500,01:55-02:00,28.00,73.00,27.00,72.00,178.23,447.96,302.20,180.00,27.50,72.50,1.00,1.00,13909.60,13662.64,13542.64,13889.60,27,72,72,27,,72818.08,,
2026-08-21T01:55:31+08:00,btc-updown-5m-1787248500,https://polymarket.com/zh/event/btc-updown-5m-1787248500,01:55-02:00,25.00,73.00,24.00,72.00,48.90,172.63,711.80,609.17,24.50,72.50,1.00,1.00,13029.60,12133.64,11903.64,12365.60,24,75,72,27,,72812.49,,
2026-08-21T01:55:37+08:00,btc-updown-5m-1787248500,https://polymarket.com/zh/event/btc-updown-5m-1787248500,01:55-02:00,24.00,77.00,23.00,76.00,156.00,722.23,482.58,100.62,23.50,76.50,1.00,1.00,14494.59,11633.65,11633.64,12364.60,23,76,76,23,,72811.71,,
2026-08-21T01:55:42+08:00,btc-updown-5m-1787248500,https://polymarket.com/zh/event/btc-updown-5m-1787248500,01:55-02:00,26.00,75.00,25.00,74.00,338.79,3.14,25.00,595.90,25.50,74.50,1.00,1.00,11926.60,11518.64,11623.64,11931.60,25,74,74,25,,72813.56,,
2026-08-21T01:55:47+08:00,btc-updown-5m-1787248500,https://polymarket.com/zh/event/btc-updown-5m-1787248500,01:55-02:00,27.00,74.00,26.00,73.00,20.00,1063.69,1068.69,11.54,26.50,73.50,1.00,1.00,12222.60,11533.65,11168.64,12427.60,26,73,73,26,,72819.61,,
2026-08-21T01:55:52+08:00,btc-updown-5m-1787248500,https://polymarket.com/zh/event/btc-updown-5m-1787248500,01:55-02:00,48.00,53.00,47.00,52.00,200.77,286.00,93.95,507.45,47.50,52.50,1.00,1.00,14503.60,11283.65,13393.65,14628.60,47,52,52,47,,72863.66,,
2026-08-21T01:55:58+08:00,btc-updown-5m-1787248500,https://polymarket.com/zh/event/btc-updown-5m-1787248500,01:55-02:00,46.00,55.00,45.00,54.00,68.00,550.59,437.50,116.43,45.50,54.50,1.00,1.00,11673.60,12943.64,13133.64,11668.60,45,54,54,45,,72858.10,,
2026-08-21T01:56:03+08:00,btc-updown-5m-1787248500,https://polymarket.com/zh/event/btc-updown-5m-1787248500,01:55-02:00,28.00,73.00,27.00,72.00,121.95,332.77,252.31,191.43,27.50,72.50,1.00,1.00,11584.26,14428.65,14413.64,10167.60,27,72,72,27,,72822.49,,
2026-08-21T01:56:09+08:00,btc-updown-5m-1787248500,https://polymarket.com/zh/event/btc-updown-5m-1787248500,01:55-02:00,21.00,71.00,20.00,69.00,75.00,55.00,313.06,169.00,20.50,70.00,1.00,2.00,11975.26,14036.65,13886.64,9948.60,20,79,69,29,,72822.47,,
2026-08-21T01:56:14+08:00,btc-updown-5m-1787248500,https://polymarket.com/zh/event/btc-updown-5m-1787248500,01:55-02:00,37.00,64.00,36.00,63.00,243.80,50.00,10.00,81.29,36.50,63.50,1.00,1.00,11197.60,13801.64,13795.64,11197.60,36,63,63,36,,72842.90,,
2026-08-21T01:56:19+08:00,btc-updown-5m-1787248500,https://polymarket.com/zh/event/btc-updown-5m-1787248500,01:55-02:00,44.00,58.00,43.00,57.00,160.94,172.00,113.47,235.29,43.50,57.50,1.00,1.00,14842.60,13325.64,13335.65,14837.60,43,56,57,42,,72850.32,,
2026-08-21T01:56:25+08:00,btc-updown-5m-1787248500,https://polymarket.com/zh/event/btc-updown-5m-1787248500,01:55-02:00,36.00,65.00,35.00,64.00,126.00,175.00,50.00,398.77,35.50,64.50,1.00,1.00,10846.60,13920.64,16131.64,10391.60,35,64,64,35,,72831.55,,
2026-08-21T01:56:30+08:00,btc-updown-5m-1787248500,https://polymarket.com/zh/event/btc-updown-5m-1787248500,01:55-02:00,34.00,67.00,33.00,66.00,48.00,945.81,625.81,6.00,33.50,66.50,1.00,1.00,10601.60,16241.64,16335.64,10850.60,33,66,66,33,,72837.74,,
2026-08-21T01:56:35+08:00,btc-updown-5m-1787248500,https://polymarket.com/zh/event/btc-updown-5m-1787248500,01:55-02:00,37.00,65.00,36.00,64.00,423.60,236.95,50.00,190.28,36.50,64.50,1.00,1.00,10855.60,16100.64,16091.64,11295.60,36,63,64,35,,72839.87,,
2026-08-21T01:56:41+08:00,btc-updown-5m-1787248500,https://polymarket.com/zh/event/btc-updown-5m-1787248500,01:55-02:00,32.00,69.00,31.00,68.00,493.70,82.00,157.03,338.30,31.50,68.50,1.00,1.00,10855.60,16085.64,16085.64,10860.60,31,68,68,31,,72830.27,,
2026-08-21T01:56:46+08:00,btc-updown-5m-1787248500,https://polymarket.com/zh/event/btc-updown-5m-1787248500,01:55-02:00,31.00,70.00,30.00,69.00,407.68,89.16,5.00,210.95,30.50,69.50,1.00,1.00,11380.60,16190.64,16095.64,11385.60,30,69,69,30,,72827.88,,
2026-08-21T01:56:51+08:00,btc-updown-5m-1787248500,https://polymarket.com/zh/event/btc-updown-5m-1787248500,01:55-02:00,35.00,66.00,34.00,65.00,360.66,573.39,506.33,272.99,34.50,65.50,1.00,1.00,9097.60,15575.64,15821.64,9092.60,34,65,65,34,,72841.32,,
2026-08-21T01:56:56+08:00,btc-updown-5m-1787248500,https://polymarket.com/zh/event/btc-updown-5m-1787248500,01:55-02:00,39.00,62.00,38.00,61.00,308.66,649.14,275.14,10.00,38.50,61.50,1.00,1.00,15302.60,13822.64,13811.64,15214.60,38,61,61,38,,72850.29,,
2026-08-21T01:57:02+08:00,btc-updown-5m-1787248500,https://polymarket.com/zh/event/btc-updown-5m-1787248500,01:55-02:00,37.00,65.00,36.00,64.00,218.16,740.84,28.00,30.00,36.50,64.50,1.00,1.00,14343.60,13613.65,13562.64,14353.60,36,63,64,35,,72846.80,,
2026-08-21T01:57:07+08:00,btc-updown-5m-1787248500,https://polymarket.com/zh/event/btc-updown-5m-1787248500,01:55-02:00,39.00,61.00,38.00,60.00,362.51,498.61,158.77,23.00,38.50,60.50,1.00,1.00,12163.60,13612.64,13168.65,12128.60,38,61,60,39,,72847.09,,
2026-08-21T01:57:12+08:00,btc-updown-5m-1787248500,https://polymarket.com/zh/event/btc-updown-5m-1787248500,01:55-02:00,37.00,66.00,36.00,65.00,293.44,3.48,105.41,886.72,36.50,65.50,1.00,1.00,8603.60,15703.64,15407.65,8603.60,36,63,65,34,,72842.14,,
2026-08-21T01:57:18+08:00,btc-updown-5m-1787248500,https://polymarket.com/zh/event/btc-updown-5m-1787248500,01:55-02:00,26.00,75.00,25.00,74.00,393.31,61.33,205.02,312.52,25.50,74.50,1.00,1.00,8678.60,14066.64,13966.64,8683.60,25,74,74,25,,72822.74,,
2026-08-21T01:57:23+08:00,btc-updown-5m-1787248500,https://polymarket.com/zh/event/btc-updown-5m-1787248500,01:55-02:00,22.00,79.00,21.00,78.00,224.70,107.01,137.01,240.51,21.50,78.50,1.00,1.00,8738.60,13512.64,13518.64,8743.60,21,78,78,21,,72816.98,,
2026-08-21T01:57:28+08:00,btc-updown-5m-1787248500,https://polymarket.com/zh/event/btc-updown-5m-1787248500,01:55-02:00,21.00,78.00,20.00,77.00,70.50,322.46,673.28,23.19,20.50,77.50,1.00,1.00,8638.60,13523.65,13618.64,8673.60,20,79,77,22,,72816.97,,
2026-08-21T01:57:34+08:00,btc-updown-5m-1787248500,https://polymarket.com/zh/event/btc-updown-5m-1787248500,01:55-02:00,20.00,81.00,19.00,80.00,51.28,549.16,612.31,70.71,19.50,80.50,1.00,1.00,9718.60,13562.64,13568.64,9703.60,19,80,80,19,,72818.35,,
2026-08-21T01:57:39+08:00,btc-updown-5m-1787248500,https://polymarket.com/zh/event/btc-updown-5m-1787248500,01:55-02:00,25.00,76.00,24.00,75.00,624.25,371.73,374.31,702.70,24.50,75.50,1.00,1.00,9093.60,13477.64,13467.65,9078.60,24,75,75,24,,72827.38,,
2026-08-21T01:57:45+08:00,btc-updown-5m-1787248500,https://polymarket.com/zh/event/btc-updown-5m-1787248500,01:55-02:00,23.00,77.00,22.00,76.00,42.16,276.76,371.39,321.24,22.50,76.50,1.00,1.00,8964.00,13572.64,13582.65,9054.00,22,77,76,23,,72828.12,,
2026-08-21T01:57:50+08:00,btc-updown-5m-1787248500,https://polymarket.com/zh/event/btc-updown-5m-1787248500,01:55-02:00,25.00,77.00,24.00,76.00,593.01,310.66,30.42,52.66,24.50,76.50,1.00,1.00,9149.00,13552.64,13337.64,9069.00,24,75,76,23,,72831.82,,
2026-08-21T01:57:56+08:00,btc-updown-5m-1787248500,https://polymarket.com/zh/event/btc-updown-5m-1787248500,01:55-02:00,30.00,71.00,29.00,70.00,372.66,87.27,113.59,372.66,29.50,70.50,1.00,1.00,9317.51,13012.55,13457.55,8867.51,29,70,70,29,,72848.33,,
2026-08-21T01:58:01+08:00,btc-updown-5m-1787248500,https://polymarket.com/zh/event/btc-updown-5m-1787248500,01:55-02:00,49.00,54.00,48.00,53.00,87.00,72.71,65.00,116.00,48.50,53.50,1.00,1.00,15166.51,13003.05,12726.18,15011.51,48,51,53,46,,72866.70,,
2026-08-21T01:58:06+08:00,btc-updown-5m-1787248500,https://polymarket.com/zh/event/btc-updown-5m-1787248500,01:55-02:00,55.00,38.00,54.00,37.00,19.99,10.00,41.00,55.41,54.50,37.50,1.00,1.00,14616.51,11656.17,11565.17,15006.51,54,45,37,62,,72877.11,,
2026-08-21T01:58:12+08:00,btc-updown-5m-1787248500,https://polymarket.com/zh/event/btc-updown-5m-1787248500,01:55-02:00,50.00,49.00,49.00,48.00,73.21,74.00,360.19,29.91,49.50,48.50,1.00,1.00,14211.11,14022.17,14391.17,14231.11,49,50,48,51,,72864.24,,
2026-08-21T01:58:17+08:00,btc-updown-5m-1787248500,https://polymarket.com/zh/event/btc-updown-5m-1787248500,01:55-02:00,40.00,60.00,39.00,59.00,18.00,21.42,276.36,152.70,39.50,59.50,1.00,1.00,15310.11,15072.17,14622.17,15310.11,39,60,59,40,,72857.28,,
2026-08-21T01:58:22+08:00,btc-updown-5m-1787248500,https://polymarket.com/zh/event/btc-updown-5m-1787248500,01:55-02:00,41.00,59.00,40.00,58.00,60.00,90.01,197.81,15.00,40.50,58.50,1.00,1.00,15091.11,15166.17,15077.17,15090.11,40,59,58,41,,72860.16,,
2026-08-21T01:58:28+08:00,btc-updown-5m-1787248500,https://polymarket.com/zh/event/btc-updown-5m-1787248500,01:55-02:00,23.00,79.00,22.00,78.00,16.08,133.00,238.24,517.92,22.50,78.50,1.00,1.00,12329.10,13406.16,13456.16,10794.11,22,77,78,21,,72843.37,,
2026-08-21T01:58:33+08:00,btc-updown-5m-1787248500,https://polymarket.com/zh/event/btc-updown-5m-1787248500,01:55-02:00,28.00,62.00,27.00,60.00,33.35,71.92,196.86,57.88,27.50,61.00,1.00,2.00,8535.11,12996.16,13061.16,10288.11,27,72,60,38,,72853.80,,
2026-08-21T01:58:38+08:00,btc-updown-5m-1787248500,https://polymarket.com/zh/event/btc-updown-5m-1787248500,01:55-02:00,13.00,86.00,12.00,81.00,88.30,208.15,160.00,4.00,12.50,83.50,1.00,5.00,10382.11,13451.16,13561.16,9637.11,12,87,81,14,,72839.88,,
2026-08-21T01:58:43+08:00,btc-updown-5m-1787248500,https://polymarket.com/zh/event/btc-updown-5m-1787248500,01:55-02:00,20.00,82.00,19.00,81.00,287.92,127.34,14.93,239.63,19.50,81.50,1.00,1.00,10120.11,13551.17,13557.16,10160.11,19,80,81,18,,72843.30,,
2026-08-21T01:58:49+08:00,btc-updown-5m-1787248500,https://polymarket.com/zh/event/btc-updown-5m-1787248500,01:55-02:00,12.00,89.00,11.00,88.00,98.66,104.06,26.31,235.66,11.50,88.50,1.00,1.00,10541.10,13341.16,13252.16,10501.10,11,88,88,11,,72836.24,,
2026-08-21T01:58:54+08:00,btc-updown-5m-1787248500,https://polymarket.com/zh/event/btc-updown-5m-1787248500,01:55-02:00,7.00,94.00,6.00,93.00,138.14,566.91,620.22,168.14,6.50,93.50,1.00,1.00,11176.45,13101.16,13096.16,11127.45,6,93,93,6,,72829.94,,
2026-08-21T01:58:59+08:00,btc-updown-5m-1787248500,https://polymarket.com/zh/event/btc-updown-5m-1787248500,01:55-02:00,8.00,91.00,7.00,90.00,120.00,10.00,98.16,418.00,7.50,90.50,1.00,1.00,8617.46,12645.17,12660.17,8303.26,7,92,90,9,,72836.39,,
2026-08-21T01:59:04+08:00,btc-updown-5m-1787248500,https://polymarket.com/zh/event/btc-updown-5m-1787248500,01:55-02:00,8.00,94.00,7.00,93.00,233.22,30.00,23.80,239.00,7.50,93.50,1.00,1.00,7023.26,11305.83,11395.82,6043.26,7,92,93,6,,72840.44,,
2026-08-21T01:59:09+08:00,btc-updown-5m-1787248500,https://polymarket.com/zh/event/btc-updown-5m-1787248500,01:55-02:00,2.00,,1.00,99.00,681.20,,494.17,930.01,1.50,,1.00,,494.17,11027.58,10722.58,,1,98,99,0,,72829.95,,
2026-08-21T01:59:15+08:00,btc-updown-5m-1787248500,https://polymarket.com/zh/event/btc-updown-5m-1787248500,01:55-02:00,1.00,,,99.00,1853.29,,,1753.29,,,,,,10628.58,6423.58,,0,99,99,0,,72829.95,,
2026-08-21T01:59:20+08:00,btc-updown-5m-1787248500,https://polymarket.com/zh/event/btc-updown-5m-1787248500,01:55-02:00,1.00,,,99.00,2406.86,,,5406.87,,,,,,6417.58,6417.58,,0,99,99,0,,72828.48,,
2026-08-21T01:59:26+08:00,btc-updown-5m-1787248500,https://polymarket.com/zh/event/btc-updown-5m-1787248500,01:55-02:00,1.00,,,99.00,19362.38,,,19735.38,,,,,,5967.58,5978.58,,0,99,99,0,,72828.49,,
2026-08-21T01:59:31+08:00,btc-updown-5m-1787248500,https://polymarket.com/zh/event/btc-updown-5m-1787248500,01:55-02:00,1.00,,,99.00,24423.37,,,24448.37,,,,,,5982.58,6023.58,,0,99,99,0,,72819.00,,
2026-08-21T01:59:36+08:00,btc-updown-5m-1787248500,https://polymarket.com/zh/event/btc-updown-5m-1787248500,01:55-02:00,1.00,,,99.00,25878.76,,,26081.76,,,,,,5257.58,5278.58,,0,99,99,0,,72777.24,,
2026-08-21T01:59:42+08:00,btc-updown-5m-1787248500,https://polymarket.com/zh/event/btc-updown-5m-1787248500,01:55-02:00,1.00,,,99.00,25911.91,,,25771.91,,,,,,5117.56,5118.56,,0,99,99,0,,72775.29,,
2026-08-21T01:59:47+08:00,btc-updown-5m-1787248500,https://polymarket.com/zh/event/btc-updown-5m-1787248500,01:55-02:00,1.00,,,99.00,25437.51,,,25354.51,,,,,,5092.56,5132.56,,0,99,99,0,,72735.70,,
2026-08-21T01:59:52+08:00,btc-updown-5m-1787248500,https://polymarket.com/zh/event/btc-updown-5m-1787248500,01:55-02:00,1.00,,,99.00,29793.18,,,29688.01,,,,,,4658.51,4652.51,,0,99,99,0,,72716.96,,
2026-08-21T01:59:57+08:00,btc-updown-5m-1787248500,https://polymarket.com/zh/event/btc-updown-5m-1787248500,01:55-02:00,1.00,,,99.00,38186.45,,,38079.45,,,,,,3337.51,3338.51,,0,99,99,0,,72715.34,,
2026-08-21T02:00:04+08:00,btc-updown-5m-1787248800,https://polymarket.com/zh/event/btc-updown-5m-1787248800,02:00-02:05,26.00,74.00,25.00,73.00,160.58,480.93,254.24,31.11,25.50,73.50,1.00,1.00,16948.67,15019.88,14579.88,16828.01,25,74,73,26,,72733.84,,
2026-08-21T02:00:09+08:00,btc-updown-5m-1787248800,https://polymarket.com/zh/event/btc-updown-5m-1787248800,02:00-02:05,31.00,70.00,30.00,69.00,321.87,40.00,139.00,504.60,30.50,69.50,1.00,1.00,16252.51,14037.37,14142.37,16422.51,30,69,69,30,,72749.39,,
2026-08-21T02:00:15+08:00,btc-updown-5m-1787248800,https://polymarket.com/zh/event/btc-updown-5m-1787248800,02:00-02:05,32.00,69.00,31.00,68.00,40.71,140.00,50.00,15.00,31.50,68.50,1.00,1.00,15638.51,13732.37,13627.37,15638.51,31,68,67,31,,72772.85,,
2026-08-21T02:00:20+08:00,btc-updown-5m-1787248800,https://polymarket.com/zh/event/btc-updown-5m-1787248800,02:00-02:05,40.00,61.00,39.00,60.00,537.50,182.85,198.36,642.50,39.50,60.50,1.00,1.00,15903.70,13609.36,13709.36,15658.70,39,60,60,39,,72776.70,,
2026-08-21T02:00:25+08:00,btc-updown-5m-1787248800,https://polymarket.com/zh/event/btc-updown-5m-1787248800,02:00-02:05,45.00,56.00,44.00,55.00,647.86,182.10,188.00,742.87,44.50,55.50,1.00,1.00,14054.70,11869.37,11769.36,13964.70,44,55,55,44,,72787.67,,
2026-08-21T02:00:31+08:00,btc-updown-5m-1787248800,https://polymarket.com/zh/event/btc-updown-5m-1787248800,02:00-02:05,45.00,56.00,44.00,55.00,211.51,52.00,489.07,528.43,44.50,55.50,1.00,1.00,14088.70,11265.36,11105.36,13858.70,44,55,55,44,,72784.83,,
2026-08-21T02:00:36+08:00,btc-updown-5m-1787248800,https://polymarket.com/zh/event/btc-updown-5m-1787248800,02:00-02:05,46.00,55.00,45.00,54.00,268.00,355.87,312.01,230.56,45.50,54.50,1.00,1.00,13813.70,10647.78,11167.77,13788.70,45,54,54,45,,72790.76,,
2026-08-21T02:00:41+08:00,btc-updown-5m-1787248800,https://polymarket.com/zh/event/btc-updown-5m-1787248800,02:00-02:05,48.00,54.00,47.00,53.00,98.66,65.00,7.00,244.00,47.50,53.50,1.00,1.00,13798.70,10472.77,10462.77,13788.70,47,52,53,46,,72797.79,,
2026-08-21T02:00:46+08:00,btc-updown-5m-1787248800,https://polymarket.com/zh/event/btc-updown-5m-1787248800,02:00-02:05,45.00,56.00,44.00,55.00,90.00,497.75,454.85,14.88,44.50,55.50,1.00,1.00,11533.70,11197.78,10557.77,11543.70,44,55,55,44,,72788.96,,
2026-08-21T02:00:52+08:00,btc-updown-5m-1787248800,https://polymarket.com/zh/event/btc-updown-5m-1787248800,02:00-02:05,44.00,57.00,43.00,56.00,384.17,132.19,172.22,449.17,43.50,56.50,1.00,1.00,11577.70,11317.77,11222.78,11543.70,43,56,56,43,,72788.98,,
2026-08-21T02:00:57+08:00,btc-updown-5m-1787248800,https://polymarket.com/zh/event/btc-updown-5m-1787248800,02:00-02:05,44.00,57.00,43.00,56.00,230.00,524.68,199.00,145.45,43.50,56.50,1.00,1.00,11025.50,10347.77,10537.77,11025.50,43,56,56,43,,72793.67,,
2026-08-21T02:01:02+08:00,btc-updown-5m-1787248800,https://polymarket.com/zh/event/btc-updown-5m-1787248800,02:00-02:05,36.00,65.00,35.00,64.00,639.24,358.88,30.00,79.00,35.50,64.50,1.00,1.00,13244.50,14371.77,14336.78,13059.50,35,64,64,35,,72771.93,,
2026-08-21T02:01:07+08:00,btc-updown-5m-1787248800,https://polymarket.com/zh/event/btc-updown-5m-1787248800,02:00-02:05,24.00,77.00,23.00,76.00,241.83,326.76,432.79,28.55,23.50,76.50,1.00,1.00,8851.50,13669.77,13769.77,8811.50,23,76,76,23,,72742.45,,
2026-08-21T02:01:13+08:00,btc-updown-5m-1787248800,https://polymarket.com/zh/event/btc-updown-5m-1787248800,02:00-02:05,16.00,88.00,15.00,87.00,1489.00,371.95,63.41,166.00,15.50,87.50,1.00,1.00,11918.74,13540.77,13555.78,12199.74,15,84,87,12,,72689.48,,
2026-08-21T02:01:18+08:00,btc-updown-5m-1787248800,https://polymarket.com/zh/event/btc-updown-5m-1787248800,02:00-02:05,16.00,86.00,15.00,85.00,87.00,125.29,121.67,151.32,15.50,85.50,1.00,1.00,9657.06,13279.77,13420.77,9728.06,15,84,85,14,,72700.55,,
2026-08-21T02:01:22+08:00,btc-updown-5m-1787248800,https://polymarket.com/zh/event/btc-updown-5m-1787248800,02:00-02:05,16.00,86.00,15.00,85.00,138.50,51.00,52.00,407.00,15.50,85.50,1.00,1.00,11438.10,13049.77,12965.77,11485.52,15,84,85,14,,72706.42,,
2026-08-21T02:01:25+08:00,btc-updown-5m-1787248800,https://polymarket.com/zh/event/btc-updown-5m-1787248800,02:00-02:05,12.00,89.00,11.00,88.00,410.00,323.46,99.84,218.42,11.50,88.50,1.00,1.00,13467.14,13409.77,13399.77,12671.67,11,88,88,11,,72685.00,,
2026-08-21T02:01:28+08:00,btc-updown-5m-1787248800,https://polymarket.com/zh/event/btc-updown-5m-1787248800,02:00-02:05,15.00,86.00,14.00,85.00,31.06,541.76,546.76,76.06,14.50,85.50,1.00,1.00,11892.01,13509.77,13504.77,11887.01,14,85,85,14,,72693.71,,
2026-08-21T02:01:32+08:00,btc-updown-5m-1787248800,https://polymarket.com/zh/event/btc-updown-5m-1787248800,02:00-02:05,15.00,86.00,14.00,85.00,24.71,378.13,464.13,195.71,14.50,85.50,1.00,1.00,9738.69,12955.77,13065.77,9776.17,14,85,85,14,,72700.78,,
2026-08-21T02:01:35+08:00,btc-updown-5m-1787248800,https://polymarket.com/zh/event/btc-updown-5m-1787248800,02:00-02:05,14.00,87.00,13.00,86.00,242.87,349.70,412.17,147.58,13.50,86.50,1.00,1.00,10843.65,13514.77,13399.77,10791.17,13,86,86,13,,72700.78,,
2026-08-21T02:01:39+08:00,btc-updown-5m-1787248800,https://polymarket.com/zh/event/btc-updown-5m-1787248800,02:00-02:05,14.00,87.00,13.00,86.00,628.94,425.53,86.83,268.94,13.50,86.50,1.00,1.00,10812.96,13421.06,13426.05,10733.17,13,86,86,13,,72700.78,,
2026-08-21T02:01:42+08:00,btc-updown-5m-1787248800,https://polymarket.com/zh/event/btc-updown-5m-1787248800,02:00-02:05,17.00,84.00,16.00,83.00,410.39,4.58,14.69,889.39,16.50,83.50,1.00,1.00,11334.17,13415.06,13515.05,11357.48,16,83,83,16,,72707.64,,
2026-08-21T02:01:45+08:00,btc-updown-5m-1787248800,https://polymarket.com/zh/event/btc-updown-5m-1787248800,02:00-02:05,19.00,82.00,18.00,81.00,496.73,73.00,98.00,658.77,18.50,81.50,1.00,1.00,9786.69,13415.05,13430.06,9786.69,18,81,81,18,,72711.11,,
2026-08-21T02:01:49+08:00,btc-updown-5m-1787248800,https://polymarket.com/zh/event/btc-updown-5m-1787248800,02:00-02:05,14.00,87.00,13.00,86.00,25.61,462.20,412.95,15.61,13.50,86.50,1.00,1.00,13450.86,13315.05,13130.06,13558.34,13,86,86,13,,72703.72,,
2026-08-21T02:01:52+08:00,btc-updown-5m-1787248800,https://polymarket.com/zh/event/btc-updown-5m-1787248800,02:00-02:05,14.00,86.00,13.00,85.00,27.27,734.75,108.59,15.00,13.50,85.50,1.00,1.00,12744.16,12705.05,12801.05,12509.00,13,86,85,14,,72702.14,,
2026-08-21T02:01:55+08:00,btc-updown-5m-1787248800,https://polymarket.com/zh/event/btc-updown-5m-1787248800,02:00-02:05,13.00,88.00,12.00,87.00,44.90,297.38,427.38,62.41,12.50,87.50,1.00,1.00,11851.63,12710.05,12800.05,11916.59,12,87,87,12,,72699.71,,
2026-08-21T02:01:59+08:00,btc-updown-5m-1787248800,https://polymarket.com/zh/event/btc-updown-5m-1787248800,02:00-02:05,11.00,90.00,10.00,89.00,51.90,954.46,414.86,5.00,10.50,89.50,1.00,1.00,14307.58,12825.05,12816.05,13950.10,10,89,89,10,,72690.24,,
2026-08-21T02:02:02+08:00,btc-updown-5m-1787248800,https://polymarket.com/zh/event/btc-updown-5m-1787248800,02:00-02:05,14.00,87.00,13.00,86.00,117.60,591.70,546.20,192.60,13.50,86.50,1.00,1.00,11827.67,12747.05,12922.06,12005.43,13,86,86,13,,72700.67,,
2026-08-21T02:02:05+08:00,btc-updown-5m-1787248800,https://polymarket.com/zh/event/btc-updown-5m-1787248800,02:00-02:05,14.00,87.00,13.00,86.00,124.05,444.10,460.95,131.96,13.50,86.50,1.00,1.00,12629.67,12816.05,12931.05,12637.67,13,86,86,13,,72700.68,,
2026-08-21T02:02:09+08:00,btc-updown-5m-1787248800,https://polymarket.com/zh/event/btc-updown-5m-1787248800,02:00-02:05,9.00,93.00,8.00,92.00,117.00,140.29,56.00,50.00,8.50,92.50,1.00,1.00,12346.89,13161.05,13286.06,10821.66,8,91,92,7,,72685.01,,
2026-08-21T02:02:12+08:00,btc-updown-5m-1787248800,https://polymarket.com/zh/event/btc-updown-5m-1787248800,02:00-02:05,7.00,94.00,6.00,93.00,263.17,411.87,377.67,141.63,6.50,93.50,1.00,1.00,10353.68,12286.05,12267.05,8738.72,6,93,93,6,,72669.35,,
2026-08-21T02:02:15+08:00,btc-updown-5m-1787248800,https://polymarket.com/zh/event/btc-updown-5m-1787248800,02:00-02:05,8.00,93.00,7.00,92.00,552.17,47.76,123.86,664.43,7.50,92.50,1.00,1.00,10896.78,12271.06,12171.06,10913.30,7,92,92,7,,72670.42,,
2026-08-21T02:02:19+08:00,btc-updown-5m-1787248800,https://polymarket.com/zh/event/btc-updown-5m-1787248800,02:00-02:05,6.00,95.00,5.00,94.00,767.77,300.07,300.07,882.77,5.50,94.50,1.00,1.00,9632.46,12202.05,12112.05,9632.46,5,94,94,5,,72658.93,,
2026-08-21T02:02:22+08:00,btc-updown-5m-1787248800,https://polymarket.com/zh/event/btc-updown-5m-1787248800,02:00-02:05,5.00,96.00,4.00,95.00,80.00,742.15,587.15,201.39,4.50,95.50,1.00,1.00,6810.40,12172.05,12162.05,6993.09,4,95,95,4,,72655.44,,
2026-08-21T02:02:25+08:00,btc-updown-5m-1787248800,https://polymarket.com/zh/event/btc-updown-5m-1787248800,02:00-02:05,7.00,95.00,6.00,94.00,843.39,401.00,14.53,337.00,6.50,94.50,1.00,1.00,9609.08,12051.05,12057.05,9634.08,6,93,94,5,,72665.03,,
2026-08-21T02:02:29+08:00,btc-updown-5m-1787248800,https://polymarket.com/zh/event/btc-updown-5m-1787248800,02:00-02:05,5.00,96.00,4.00,95.00,772.64,213.00,218.00,777.18,4.50,95.50,1.00,1.00,6163.94,12091.05,12002.05,6106.94,4,95,95,4,,72650.30,,
2026-08-21T02:02:32+08:00,btc-updown-5m-1787248800,https://polymarket.com/zh/event/btc-updown-5m-1787248800,02:00-02:05,7.00,94.00,6.00,93.00,316.62,433.00,603.15,504.22,6.50,93.50,1.00,1.00,10026.37,11641.05,11956.05,10295.37,6,93,93,6,,72669.35,,
2026-08-21T02:02:35+08:00,btc-updown-5m-1787248800,https://polymarket.com/zh/event/btc-updown-5m-1787248800,02:00-02:05,7.00,91.00,6.00,90.00,158.54,221.00,1075.74,279.53,6.50,90.50,1.00,1.00,10100.37,11536.05,11646.06,10224.23,6,93,90,9,,72676.31,,
2026-08-21T02:02:39+08:00,btc-updown-5m-1787248800,https://polymarket.com/zh/event/btc-updown-5m-1787248800,02:00-02:05,5.00,96.00,4.00,95.00,535.01,302.05,512.47,617.30,4.50,95.50,1.00,1.00,6169.92,11876.06,11861.05,5926.81,4,95,95,4,,72654.33,,
2026-08-21T02:02:42+08:00,btc-updown-5m-1787248800,https://polymarket.com/zh/event/btc-updown-5m-1787248800,02:00-02:05,4.00,97.00,3.00,96.00,313.00,747.26,853.30,688.00,3.50,96.50,1.00,1.00,7338.81,12042.05,11952.05,5187.78,3,96,96,3,,72653.27,,
2026-08-21T02:02:45+08:00,btc-updown-5m-1787248800,https://polymarket.com/zh/event/btc-updown-5m-1787248800,02:00-02:05,4.00,97.00,3.00,96.00,1370.00,319.95,323.95,1370.00,3.50,96.50,1.00,1.00,4719.47,11951.05,12046.06,4715.47,3,96,96,3,,72651.93,,
2026-08-21T02:02:49+08:00,btc-updown-5m-1787248800,https://polymarket.com/zh/event/btc-updown-5m-1787248800,02:00-02:05,1.00,,,99.00,768.01,,,1098.01,,,,,,11563.44,11453.44,,0,99,99,0,,72609.74,,
2026-08-21T02:02:52+08:00,btc-updown-5m-1787248800,https://polymarket.com/zh/event/btc-updown-5m-1787248800,02:00-02:05,1.00,,,99.00,2056.48,,,1025.36,,,,,,11331.44,11352.44,,0,99,99,0,,72585.70,,
2026-08-21T02:02:55+08:00,btc-updown-5m-1787248800,https://polymarket.com/zh/event/btc-updown-5m-1787248800,02:00-02:05,1.00,,,99.00,10635.75,,,10415.55,,,,,,11242.35,11232.35,,0,99,99,0,,72547.60,,
2026-08-21T02:02:59+08:00,btc-updown-5m-1787248800,https://polymarket.com/zh/event/btc-updown-5m-1787248800,02:00-02:05,1.00,,,99.00,10430.74,,,10730.74,,,,,,11221.35,11221.35,,0,99,99,0,,72542.79,,
2026-08-21T02:03:02+08:00,btc-updown-5m-1787248800,https://polymarket.com/zh/event/btc-updown-5m-1787248800,02:00-02:05,1.00,,,99.00,10268.52,,,10298.98,,,,,,10641.35,10621.35,,0,99,99,0,,72575.40,,
2026-08-21T02:03:05+08:00,btc-updown-5m-1787248800,https://polymarket.com/zh/event/btc-updown-5m-1787248800,02:00-02:05,1.00,,,99.00,1863.01,,,1863.01,,,,,,10626.35,10641.35,,0,99,99,0,,72592.79,,
