time_bucket_utc,open_usd,mid_usd,bid_usd,ask_usd
2026-04-12 12:45:00+00:00,71513.51001226914,71512.41402764698,71510.73,71514.70047857288
2026-04-12 13:00:00+00:00,71115.08,71073.567253657,70995.9,71150.24160078022
2026-04-12 13:15:00+00:00,71014.31854051298,71039.19106716156,71012.77,71057.981
2026-04-12 13:30:00+00:00,71079.028,71062.33608381193,71036.07064694246,71079.107
2026-04-12 13:45:00+00:00,71008.8,71003.71558713791,70996.54725640184,71008.8
2026-04-12 14:00:00+00:00,70917.37210941217,70911.81522821753,70896.8065704745,70918.26681808886
2026-04-12 14:15:00+00:00,71012.7,71050.56276805208,71012.7,71084.30299281175
2026-04-12 14:30:00+00:00,71103.77809402176,71104.9211162215,71074.3146303216,71115.85312
2026-04-12 14:45:00+00:00,70875.12213,70856.23781395088,70845.07766836681,70878.8613
2026-04-12 15:00:00+00:00,70769.8,70780.57167013029,70769.25469845143,70784.31614529468
2026-04-12 15:15:00+00:00,70857.4664031195,70863.99585737921,70857.4664031195,70867.9
2026-04-12 15:30:00+00:00,70741.57931238244,70705.13293462497,70677.50794447082,70741.57931238244
2026-04-12 15:45:00+00:00,70898.2882,70885.71977027717,70876.96,70902.55097
2026-04-12 16:00:00+00:00,70916.17665,70886.83069941917,70878.33282289802,70916.46389
2026-04-12 16:15:00+00:00,70958.54423844765,70939.85472800782,70924.1120342113,70958.939
2026-04-12 16:30:00+00:00,70954.729,70961.05091640927,70954.728,70969.159235
2026-04-12 16:45:00+00:00,70901.678,70917.0818160345,70901.652,70930.09
2026-04-12 17:00:00+00:00,70959.40866804277,70976.1602272399,70959.40866804277,70986.76856856613
2026-04-12 17:15:00+00:00,70927.84872573879,70937.43004250377,70926.13534491362,70946.04667
2026-04-12 17:30:00+00:00,71021.45258343662,71030.44196905941,71021.45258343662,71036.535595
2026-04-12 17:45:00+00:00,71039.64469,71017.29053750758,71007.25795572366,71041.40277281342
2026-04-12 18:00:00+00:00,71164.9351054925,71169.25606342257,71152.90443648706,71189.28794535504
2026-04-12 18:15:00+00:00,71200.06416629815,71207.76758128537,71189.77621116083,71224.5591634678
2026-04-12 18:30:00+00:00,71113.631,71125.13833880078,71113.546,71138.002
2026-04-12 18:45:00+00:00,71145.34,71147.27388673538,71145.34,71152.86558
2026-04-12 19:00:00+00:00,71159.71003469471,71163.47107303391,71157.46,71168.66702995705
2026-04-12 19:15:00+00:00,71161.74,71165.62325080851,71159.94,71168.49055
2026-04-12 19:30:00+00:00,71190.80677,71181.64858338324,71174.74087,71191.12183
2026-04-12 19:45:00+00:00,71132.38804,71124.89617364931,71115.55,71146.25111
2026-04-12 20:00:00+00:00,71114.83663,71119.35176642015,71103.16,71126.70926
2026-04-12 20:15:00+00:00,71039.89498,71009.4634857857,70996.4202031334,71041.23645
2026-04-12 20:30:00+00:00,71076.99,71085.25959760719,71076.99,71089.62468
2026-04-12 20:45:00+00:00,71342.09,71365.39578955254,71294.79899267426,71393.69559
2026-04-12 21:00:00+00:00,71358.03,71355.82405469334,71347.80396037185,71368.0536
2026-04-12 21:15:00+00:00,71236.08959223055,71255.77619859145,71236.08959223055,71265.6508
2026-04-12 21:30:00+00:00,71329.0334,71330.57951684289,71325.86054,71332.00234
2026-04-12 21:45:00+00:00,71330.66960350153,71342.21888125323,71317.70319767074,71354.00922
2026-04-12 22:00:00+00:00,71386.88998039323,71228.44577983183,71002.20423129147,71386.88998039323
2026-04-12 22:15:00+00:00,70960.90433336944,70941.79276088353,70880.466,70971.00337751237
2026-04-12 22:30:00+00:00,70670.12929817519,70604.46852704289,70524.21,70675.83030751464
2026-04-12 22:45:00+00:00,70825.5920805101,70816.43338014118,70803.49978928702,70825.68
2026-04-12 23:00:00+00:00,70916.52207617566,70842.49584075599,70805.0703122545,70916.52207617566
2026-04-12 23:15:00+00:00,70645.91857895268,70641.32373732732,70620.87821006318,70654.077
2026-04-12 23:30:00+00:00,70721.26726070631,70673.49295170119,70637.30417588785,70721.26726070631
2026-04-12 23:45:00+00:00,70734.50009307066,70719.27384337244,70697.41802938291,70744.05922
2026-04-13 00:00:00+00:00,70747.72090739627,70687.41997241203,70653.667,70756.90379
2026-04-13 00:15:00+00:00,70918.37,70909.53764926358,70897.27192532341,70929.20703556444
2026-04-13 00:30:00+00:00,70988.45057491303,70977.58140300024,70957.84053,71000.12783284929
2026-04-13 00:45:00+00:00,71072.19287519477,71079.04905944037,71066.73141375945,71087.83244545343
2026-04-13 01:00:00+00:00,71181.54401258213,71202.53742744538,71181.54401258213,71215.29006
2026-04-13 01:15:00+00:00,71140.9981701161,71140.52732303478,71130.8618493997,71152.40339
2026-04-13 01:30:00+00:00,71106.26,71080.62975999185,71040.55878956562,71117.65210097053
2026-04-13 01:45:00+00:00,71160.91883643143,71144.17406155306,71128.735777352,71160.91883643143
2026-04-13 02:00:00+00:00,71204.73468145303,71243.95144101995,71204.73468145303,71270.89892096505
2026-04-13 02:15:00+00:00,71015.19285651948,71019.45599510749,71015.19250601486,71029.0091891957
2026-04-13 02:30:00+00:00,71230.88,71259.05074591983,71230.88,71284.52
2026-04-13 02:45:00+00:00,71063.12954977703,71067.53702199299,71044.78785662354,71085.49
2026-04-13 03:00:00+00:00,71088.0,71080.37470379332,71071.68849633708,71092.63937074554
2026-04-13 03:15:00+00:00,71070.036,71056.91124063362,71042.681,71077.60512737122
2026-04-13 03:30:00+00:00,71045.892275,71043.30107642793,71025.31,71051.15485
2026-04-13 03:45:00+00:00,70986.4302,70977.05132582893,70961.22199634109,70986.4302
2026-04-13 04:00:00+00:00,70987.87670836692,70997.7745793701,70986.13753387003,71003.78144429749
2026-04-13 04:15:00+00:00,70959.09263,70972.13392150048,70959.09263,70975.86924376313
2026-04-13 04:30:00+00:00,71039.47545534222,71043.58622926481,71038.48913,71053.35817
2026-04-13 04:45:00+00:00,71027.88,71007.98674025616,70978.57786192914,71030.89
2026-04-13 05:00:00+00:00,70900.84306,70908.86646683421,70894.49537,70917.07010979271
2026-04-13 05:15:00+00:00,70830.30167480555,70855.38850913188,70830.30167480555,70872.17874623889
2026-04-13 05:30:00+00:00,70866.88582,70861.0117572503,70855.73426677409,70867.77085775646
2026-04-13 05:45:00+00:00,70752.27426656956,70774.08279560044,70752.27426656956,70789.4466086327
2026-04-13 06:00:00+00:00,70890.49115,70897.82745194843,70886.58951692558,70919.468
2026-04-13 06:15:00+00:00,71013.27913,70999.00484754113,70983.78330079986,71018.8
2026-04-13 06:30:00+00:00,71030.17202,71024.76825718093,71015.14016938349,71034.0895282229
2026-04-13 06:45:00+00:00,71052.84993661595,71043.3331425294,71037.14,71059.42627
2026-04-13 07:00:00+00:00,71032.42193,71038.22709029523,71009.2,71074.59
2026-04-13 07:15:00+00:00,70908.25299,70899.63627830813,70879.9881869105,70914.8438
2026-04-13 07:30:00+00:00,70719.99,70733.02169178387,70719.99,70748.79235051449
2026-04-13 07:45:00+00:00,70782.0601043769,70781.37749059332,70773.24815,70799.39294834567
2026-04-13 08:00:00+00:00,70828.23376,70798.16609341477,70785.74,70828.3197
2026-04-13 08:15:00+00:00,70735.47,70727.52050534147,70723.12831295146,70739.95555076051
2026-04-13 08:30:00+00:00,70766.11302659515,70738.65136692864,70728.22122018701,70766.14754
2026-04-13 08:45:00+00:00,70607.10283449391,70605.4512433472,70576.678,70625.64800538223
2026-04-13 09:00:00+00:00,70689.52757334565,70747.57263837146,70687.99614,70790.75365
2026-04-13 09:15:00+00:00,70717.50748,70706.96661594797,70684.50670454378,70726.19608
2026-04-13 09:30:00+00:00,70798.02998272324,70800.29086422725,70795.44,70806.3731639274
2026-04-13 09:45:00+00:00,70798.03480885358,70793.94118319599,70791.57069454815,70798.03480885358
2026-04-13 10:00:00+00:00,70802.69619,70804.93393320461,70801.0290663858,70811.79319
2026-04-13 10:15:00+00:00,70826.8301099286,70781.77592709824,70726.19457399602,70827.21284983869
2026-04-13 10:30:00+00:00,70769.81827596283,70789.0517922388,70769.81827596283,70804.056561855
2026-04-13 10:45:00+00:00,70777.58648,70764.49472685027,70756.05761276263,70777.58648
2026-04-13 11:00:00+00:00,70749.84272820248,70782.14464759476,70749.84272820248,70839.62335
2026-04-13 11:15:00+00:00,70877.05876506833,70885.31478758664,70877.05876506833,70893.69323
2026-04-13 11:30:00+00:00,70873.49759,70891.0858120453,70873.49759,70903.31258
2026-04-13 11:45:00+00:00,70943.01263,70960.54024920987,70943.01263,70972.17384811214
2026-04-13 12:00:00+00:00,70934.30911982282,70899.51412989752,70874.6764240047,70934.45766058074
2026-04-13 12:15:00+00:00,70972.62635407505,70969.20178728795,70947.19680887563,70985.81752243686
2026-04-13 12:30:00+00:00,70864.315,70871.41174456308,70864.315,70876.52692951926
2026-04-13 12:45:00+00:00,70843.47409557251,70869.259937027,70843.38242518333,70888.93815
2026-04-13 13:00:00+00:00,71087.60259834777,71120.21093096907,71087.60259834777,71137.90557
2026-04-13 13:15:00+00:00,71213.47846,71192.78927813361,71177.7825,71213.47846
2026-04-13 13:30:00+00:00,71193.59364587018,71190.29400895393,71147.62354096105,71225.07
2026-04-13 13:45:00+00:00,71043.90509,71029.1182180301,70966.85,71056.34936
2026-04-13 14:00:00+00:00,71671.24150394408,71685.12175292475,71663.77201467448,71711.621
2026-04-13 14:15:00+00:00,71645.86,71658.74026659726,71644.34981686887,71671.94946842366
2026-04-13 14:30:00+00:00,71657.47202436878,71670.38662448018,71625.42394361095,71696.96646005702
2026-04-13 14:45:00+00:00,72014.96527056645,72030.36595368768,72000.3903299857,72048.26
2026-04-13 15:00:00+00:00,72432.56525052788,72416.54017214125,72371.06314431233,72492.97101034096
2026-04-13 15:15:00+00:00,71978.77276209633,71979.0992116133,71969.14023379007,72000.89431729107
2026-04-13 15:30:00+00:00,71989.49140833969,71909.92785108485,71799.85980407037,71990.6501409151
2026-04-13 15:45:00+00:00,71868.43282,71854.87722663408,71815.38138,71888.22
2026-04-13 16:00:00+00:00,71887.859,71906.4362254947,71885.1952,71928.65617
2026-04-13 16:15:00+00:00,72054.6641,72006.50742964057,71941.2198,72068.90749
2026-04-13 16:30:00+00:00,72266.34707,72303.61907884142,72266.34707,72328.00330460952
2026-04-13 16:45:00+00:00,72334.53967780061,72332.82642104519,72308.94982942964,72351.17487465555
2026-04-13 17:00:00+00:00,72234.44076,72220.43363354987,72183.52152,72239.18322630455
2026-04-13 17:15:00+00:00,72333.49188642712,72324.52256168942,72315.57230580652,72340.81048
2026-04-13 17:30:00+00:00,72461.96295748814,72557.91842099823,72461.96295748814,72616.16377421089
2026-04-13 17:45:00+00:00,72474.61784088686,72493.50150083785,72474.61784088686,72503.17671870097
2026-04-13 18:00:00+00:00,72178.18726271857,72147.90843415582,72123.38706112269,72178.53441
2026-04-13 18:15:00+00:00,72221.17409,72225.71639721617,72210.67324,72242.44007836559
2026-04-13 18:30:00+00:00,72206.59596643918,72219.96477225692,72206.52519338875,72260.7665067274
2026-04-13 18:45:00+00:00,72375.06952,72402.95067406612,72375.06952,72426.59291698573
2026-04-13 19:00:00+00:00,72459.53493,72433.85250732429,72423.77755,72459.53493
2026-04-13 19:15:00+00:00,72348.87,72407.48565170917,72348.87,72434.2
2026-04-13 19:30:00+00:00,72881.35011143544,72923.45764748171,72855.05847,72980.58851192018
2026-04-13 19:45:00+00:00,73039.67333392579,73111.9469818779,73039.67333392579,73167.37455225925
2026-04-13 20:00:00+00:00,73373.43274722753,73370.5018480146,73349.63835,73391.26300522883
2026-04-13 20:15:00+00:00,73112.87601645639,73151.42155126887,73107.52098575732,73173.23
2026-04-13 20:30:00+00:00,73126.83556349402,73133.35111818035,73114.1,73151.27546548146
2026-04-13 20:45:00+00:00,73264.19026826834,73256.01113934649,73235.073,73268.27
2026-04-13 21:00:00+00:00,73185.45019,73186.0571853702,73175.9380452997,73196.7966809402
2026-04-13 21:15:00+00:00,73261.10638,73294.08894276824,73260.54452,73317.44598
2026-04-13 21:30:00+00:00,73156.2529785651,73172.07133968062,73156.12950447234,73179.47824001772
2026-04-13 21:45:00+00:00,73293.86134849933,73257.94720857697,73225.55856713068,73308.89470204494
2026-04-13 22:00:00+00:00,73208.53626311284,73255.8983102939,73201.11102565218,73283.0688723205
2026-04-13 22:15:00+00:00,73789.56130530093,73847.98410963248,73789.56130530093,73912.51617
2026-04-13 22:30:00+00:00,74161.64674735111,74248.45408242472,74161.64674735111,74347.789
2026-04-13 22:45:00+00:00,74285.449645,74266.22263548398,74212.45677927599,74329.48892092331
2026-04-13 23:00:00+00:00,74656.08969697691,74621.39771501847,74540.48292281205,74687.23906
2026-04-13 23:15:00+00:00,74683.49459,74714.53791310803,74666.05,74753.4241243833
2026-04-13 23:30:00+00:00,74754.96068,74856.88681674874,74752.01752316116,74905.72888640694
2026-04-13 23:45:00+00:00,74587.72724441899,74602.25131714124,74582.05778173494,74621.56018797259
2026-04-14 00:00:00+00:00,74437.94567412314,74466.16869047473,74437.94567412314,74489.23518
2026-04-14 00:15:00+00:00,74357.91874,74371.97482221776,74327.06490109485,74401.90492867414
2026-04-14 00:30:00+00:00,74289.56201915268,74309.33440180347,74288.87384,74327.84147302023
2026-04-14 00:45:00+00:00,74440.47217635556,74434.44575319743,74426.01604674438,74451.12398
2026-04-14 01:00:00+00:00,74189.01994367287,74157.10488811141,74126.24995570975,74193.618
2026-04-14 01:15:00+00:00,74326.96032,74280.66202266072,74258.988255,74326.96032
2026-04-14 01:30:00+00:00,74325.42735782715,74307.69500456014,74295.28754512694,74325.42735782715
2026-04-14 01:45:00+00:00,74348.54956,74373.22188397891,74346.46631,74391.25963
2026-04-14 02:00:00+00:00,74412.53734644131,74411.12155044984,74397.45,74424.9989
2026-04-14 02:15:00+00:00,74514.65923,74472.75599207685,74437.55765165633,74520.09584
2026-04-14 02:30:00+00:00,74428.59152677143,74407.14575173442,74395.72690554605,74428.59152677143
2026-04-14 02:45:00+00:00,74462.74089,74451.35860342016,74439.6908560496,74462.74089
2026-04-14 03:00:00+00:00,74360.62528979972,74340.70647364669,74328.67684,74360.87057
2026-04-14 03:15:00+00:00,74369.37076424672,74381.56224460731,74369.37076424672,74387.29195517715
2026-04-14 03:30:00+00:00,74317.99268298576,74310.73942988238,74304.17203182272,74320.402733534
2026-04-14 03:45:00+00:00,74494.79369473396,74470.40855458772,74457.77,74495.93781495852
2026-04-14 04:00:00+00:00,74465.32337291722,74451.40960514058,74439.86572730432,74468.23694331865
2026-04-14 04:15:00+00:00,74492.13359603529,74478.85799646236,74472.95748073758,74492.13359603529
2026-04-14 04:30:00+00:00,74524.96,74521.27754476415,74506.07,74535.71820493347
2026-04-14 04:45:00+00:00,74408.9994306031,74396.18568485786,74382.02831906133,74409.73661271583
2026-04-14 05:00:00+00:00,74413.43532186355,74403.38465780123,74385.47817,74414.28849003631
2026-04-14 05:15:00+00:00,74360.0419,74367.11319343245,74335.65839432555,74378.17347030582
2026-04-14 05:30:00+00:00,74366.14,74359.06186661561,74353.3193098371,74366.14
2026-04-14 05:45:00+00:00,74317.65096944814,74306.78253479565,74301.85612603644,74317.93800121186
2026-04-14 06:00:00+00:00,74228.18538873778,74290.20702084235,74228.18538873778,74315.64259720332
2026-04-14 06:15:00+00:00,74349.23147,74346.43014068285,74333.5396,74352.82235
2026-04-14 06:30:00+00:00,74407.04608,74389.29747588646,74381.65859,74407.04608
2026-04-14 06:45:00+00:00,74409.41012,74413.14330810348,74398.46686,74417.11014
2026-04-14 07:00:00+00:00,74552.77839573506,74541.27777913866,74533.47724,74552.77839573506
2026-04-14 07:15:00+00:00,74798.51236,74789.8227552534,74751.9,74817.27533
2026-04-14 07:30:00+00:00,74697.61613,74684.72227048736,74660.98275,74710.36
2026-04-14 07:45:00+00:00,74523.32241,74524.20429318961,74514.06663,74533.403574298
2026-04-14 08:00:00+00:00,74573.53353,74573.61648568312,74563.9418389391,74582.42032
2026-04-14 08:15:00+00:00,74561.65308,74570.49346257732,74561.55089,74587.65537
2026-04-14 08:30:00+00:00,74661.33150126609,74711.21194229943,74661.33150126609,74748.22923320139
2026-04-14 08:45:00+00:00,74685.40113127678,74700.61731041688,74677.94,74730.51706630562
2026-04-14 09:00:00+00:00,74778.72226560426,74782.28873012582,74769.86567011748,74797.0950303664
2026-04-14 09:15:00+00:00,74824.45190899943,74812.56079972138,74798.0314,74829.52552917825
2026-04-14 09:30:00+00:00,74702.12988265001,74673.03847159461,74646.49,74702.12988265001
2026-04-14 09:45:00+00:00,74537.16874,74545.40682352985,74530.29822,74568.0043
2026-04-14 10:00:00+00:00,74526.51507,74514.97424117844,74498.50138,74526.51507
2026-04-14 10:15:00+00:00,74570.6342492784,74567.76873141652,74565.54642168341,74570.82019815265
2026-04-14 10:30:00+00:00,74582.89129,74612.33868768426,74582.89129,74625.09665
2026-04-14 10:45:00+00:00,74384.70684,74370.40142104572,74357.83089825902,74384.70684
2026-04-14 11:00:00+00:00,74369.37733154638,74361.92928638369,74349.07140573114,74385.29170126282
2026-04-14 11:15:00+00:00,74418.21018299005,74431.69361799298,74417.76792957481,74454.78693
2026-04-14 11:30:00+00:00,74379.6072,74363.8977107746,74354.25,74379.6072
2026-04-14 11:45:00+00:00,74343.32,74336.69045570958,74329.55316,74349.47855
2026-04-14 12:00:00+00:00,74399.34467,74399.64493597145,74384.93,74414.6494642489
2026-04-14 12:15:00+00:00,74321.0824,74342.80561762386,74320.86,74361.10199050391
2026-04-14 12:30:00+00:00,74333.90268413375,74373.12775959211,74313.15920567304,74411.35063227732
2026-04-14 12:45:00+00:00,74327.3694,74345.96525155527,74326.91,74365.69103
2026-04-14 13:00:00+00:00,74474.69382,74471.21138814015,74429.89574801705,74500.36911
2026-04-14 13:15:00+00:00,74601.35495329795,74600.2948716779,74593.3283459802,74616.05104474019
2026-04-14 13:30:00+00:00,74537.84103181552,74587.82137724434,74532.51470222407,74635.64160047936
2026-04-14 13:45:00+00:00,75229.50988727329,75223.99610708265,75165.82555425967,75333.97165470711
2026-04-14 14:00:00+00:00,75579.83397634579,75578.84221786534,75479.79,75635.68192299009
2026-04-14 14:15:00+00:00,75612.03448,75580.54190157776,75553.60373,75612.03448
2026-04-14 14:30:00+00:00,75892.41075,75918.61357531222,75874.75715004647,75990.09107
2026-04-14 14:45:00+00:00,75438.98133376984,75364.61813422156,75313.3782539507,75456.32153855354
2026-04-14 15:00:00+00:00,75069.7488813008,75013.27781012666,74968.44789,75069.7488813008
2026-04-14 15:15:00+00:00,74791.36128101336,74777.00718773203,74734.66708744314,74799.7751603849
2026-04-14 15:30:00+00:00,74842.33526,74867.2052610065,74830.68,74933.8359267984
2026-04-14 15:45:00+00:00,75320.75743815677,75300.51466443336,75265.95,75341.90078
2026-04-14 16:00:00+00:00,75356.18583903565,75384.32997425905,75344.44894956383,75410.37575
2026-04-14 16:15:00+00:00,75523.72431682238,75490.47102679206,75427.30352763085,75534.27525806495
2026-04-14 16:30:00+00:00,75280.47902,75227.59585630838,75175.63437837314,75281.0694
2026-04-14 16:45:00+00:00,75248.46572328532,75244.73596512042,75213.23778450458,75270.57291736336
2026-04-14 17:00:00+00:00,74691.33221533798,74648.15434286084,74619.00087495006,74691.33221533798
2026-04-14 17:15:00+00:00,74819.92496968842,74836.55243879803,74802.7228,74869.64207825388
2026-04-14 17:30:00+00:00,74666.60620093724,74636.39777252992,74608.42208343385,74666.60620093724
2026-04-14 17:45:00+00:00,74583.78852,74588.87227858453,74581.30596464289,74601.78236
2026-04-14 18:00:00+00:00,74784.24687,74811.39188533263,74784.24687,74826.59860099145
2026-04-14 18:15:00+00:00,74712.54,74700.01297340066,74684.30214991701,74716.09
2026-04-14 18:30:00+00:00,74562.9979600426,74572.51647099933,74542.91534330073,74607.19435039407
2026-04-14 18:45:00+00:00,74332.85534437616,74358.02313009038,74332.49933157089,74383.71505874803
2026-04-14 19:00:00+00:00,74133.76307155026,74135.81345252774,74098.4440542695,74181.89690796474
2026-04-14 19:15:00+00:00,74307.02958018529,74350.54057788703,74304.0654043173,74379.04794177145
2026-04-14 19:30:00+00:00,74204.84895837173,74267.54543424581,74203.80574651055,74312.7
2026-04-14 19:45:00+00:00,74167.13760013675,74179.60405417971,74135.2957619932,74211.11
2026-04-14 20:00:00+00:00,74268.12198779033,74285.36919670919,74268.12198779033,74296.27945025104
2026-04-14 20:15:00+00:00,74451.69355,74435.47172389487,74405.30745403528,74464.9178193992
2026-04-14 20:30:00+00:00,74219.0679,74247.4994468264,74219.0679,74278.4998
2026-04-14 20:45:00+00:00,74286.78706,74284.47201137371,74274.21503,74296.03249
2026-04-14 21:00:00+00:00,74137.47955,74154.67371661865,74137.47955,74173.42106
2026-04-14 21:15:00+00:00,74237.37,74231.960868308,74222.26495,74237.37
2026-04-14 21:30:00+00:00,74154.68132474189,74146.77610791515,74137.45716,74173.01827
2026-04-14 21:45:00+00:00,74042.0137339743,74055.35447880963,74042.0137339743,74063.78264527781
2026-04-14 22:00:00+00:00,74303.65,74249.36873712401,74226.8762365768,74303.65
2026-04-14 22:15:00+00:00,74343.06,74301.54310188106,74258.73478,74343.06
2026-04-14 22:30:00+00:00,73945.50834627554,73907.05232341605,73890.84,73946.62718315545
2026-04-14 22:45:00+00:00,74006.45998,74039.25258282252,73999.62045626098,74077.26971807163
2026-04-14 23:00:00+00:00,74059.03,74071.85539088854,74056.55,74084.99327440132
2026-04-14 23:15:00+00:00,74128.98009122386,74146.74723570234,74127.94374,74172.74307
2026-04-14 23:30:00+00:00,74141.32903,74138.25454196577,74130.63061362854,74152.44139374631
2026-04-14 23:45:00+00:00,74169.50460901558,74186.14856428589,74169.50460901558,74198.34841
2026-04-15 00:00:00+00:00,74173.72548914501,74188.24333228085,74153.48888311179,74257.07
2026-04-15 00:15:00+00:00,74566.30236,74522.59677776901,74502.84419202918,74576.88511811508
2026-04-15 00:30:00+00:00,74615.0,74603.23637248215,74585.23400403876,74636.3516320712
2026-04-15 00:45:00+00:00,74579.10223685892,74602.75458681764,74579.07986407774,74623.42239249517
2026-04-15 01:00:00+00:00,74592.95902863792,74572.88494006966,74537.61587345575,74592.95908621019
2026-04-15 01:15:00+00:00,74781.24,74750.1504007113,74728.05,74790.768
2026-04-15 01:30:00+00:00,74707.62748,74718.65467885768,74686.69720370276,74737.36248
2026-04-15 01:45:00+00:00,74667.28312889407,74651.36325779882,74628.37185969413,74678.5167
2026-04-15 02:00:00+00:00,74641.19,74652.87264045901,74628.67093384807,74679.07
2026-04-15 02:15:00+00:00,74574.39452,74578.74115217835,74552.7396349306,74594.37
2026-04-15 02:30:00+00:00,74378.867,74359.1470923202,74340.216,74380.72649669505
2026-04-15 02:45:00+00:00,74308.91835,74295.19307772905,74286.603873777,74311.92913
2026-04-15 03:00:00+00:00,74352.86,74345.02781832595,74330.74871320812,74358.57421
2026-04-15 03:15:00+00:00,74254.83989978125,74229.43998175058,74210.70025032334,74254.83989978125
2026-04-15 03:30:00+00:00,74317.02473806808,74320.08271448677,74290.62209,74343.86862874447
2026-04-15 03:45:00+00:00,74256.76293951497,74247.8445837538,74245.49015,74257.21167
2026-04-15 04:00:00+00:00,74363.49606,74366.21652719416,74360.12158,74373.98618731281
2026-04-15 04:15:00+00:00,74369.94805,74374.33365670411,74354.53886,74386.24561
2026-04-15 04:30:00+00:00,74332.13746,74355.38944309174,74332.13746,74359.05842
2026-04-15 04:45:00+00:00,74361.39,74348.17267464225,74336.1,74362.31246
2026-04-15 05:00:00+00:00,74345.87197,74395.81206761474,74345.87197,74440.75753499073
2026-04-15 05:15:00+00:00,74231.7,74240.14748770188,74228.99,74251.37126
2026-04-15 05:30:00+00:00,74038.16359,74037.69367495415,74021.51673061054,74055.43926
2026-04-15 05:45:00+00:00,73975.24789,73965.92519216274,73952.36782,73977.86031
2026-04-15 06:00:00+00:00,74046.12,74046.14088983907,74033.92611925688,74052.62617
2026-04-15 06:15:00+00:00,73968.92114,73980.71557239555,73968.92114,73992.85411771151
2026-04-15 06:30:00+00:00,73950.74331546777,73968.38085705304,73949.04,73975.76034
2026-04-15 06:45:00+00:00,74028.42422,74036.41999258086,74028.42422,74039.14573
2026-04-15 07:00:00+00:00,73918.0986383432,73943.06270282947,73918.0986383432,73957.56378
2026-04-15 07:15:00+00:00,73941.1297492235,73924.1677941889,73911.56951366478,73941.1297492235
2026-04-15 07:30:00+00:00,73735.62,73726.32784002418,73709.52427636483,73741.53
2026-04-15 07:45:00+00:00,73621.24,73591.3769477214,73554.21258,73621.24
2026-04-15 08:00:00+00:00,73761.80883,73737.59679090761,73702.83,73762.37
2026-04-15 08:15:00+00:00,73865.19551,73869.47214727833,73858.50761987972,73881.61213
2026-04-15 08:30:00+00:00,74010.52701,74004.52545184144,73995.51124470987,74013.30349
2026-04-15 08:45:00+00:00,74121.37403,74104.81046934139,74079.75642916026,74123.14712
2026-04-15 09:00:00+00:00,74136.39483,74171.28141883957,74136.39483,74186.66646927696
2026-04-15 09:15:00+00:00,74048.67102,74054.2201202287,74043.54301,74062.54761
2026-04-15 09:30:00+00:00,73975.98448,73984.169405877,73974.40052369722,73994.97629
2026-04-15 09:45:00+00:00,73989.21,73982.34930353885,73972.53537879496,73989.21
2026-04-15 10:00:00+00:00,74031.36,74014.60164696736,74004.47,74031.36
2026-04-15 10:15:00+00:00,74135.26711,74127.21709723592,74068.44674784863,74139.0718
2026-04-15 10:30:00+00:00,73924.82,73916.14161962128,73890.75509713318,73938.72512693616
2026-04-15 10:45:00+00:00,74070.08092,74120.78383658388,74070.08092,74188.30622
2026-04-15 11:00:00+00:00,73879.57,73895.20082114585,73879.57,73915.74
2026-04-15 11:15:00+00:00,74046.31055257886,74034.23801462154,74018.27,74046.89
2026-04-15 11:30:00+00:00,73979.27949317721,73991.16436188821,73962.09,74020.756
2026-04-15 11:45:00+00:00,74070.17082,74074.6425611305,74063.21,74087.70068
2026-04-15 12:00:00+00:00,74220.68,74192.26199767664,74179.5,74230.57075312137
2026-04-15 12:15:00+00:00,74225.58766,74174.31716547254,74134.04781920473,74227.37994518
2026-04-15 12:30:00+00:00,74199.81294018857,74220.89925488859,74199.81294018857,74236.4571
2026-04-15 12:45:00+00:00,74361.84069,74356.1475365232,74346.7,74362.01853
2026-04-15 13:00:00+00:00,74295.17,74287.9646002081,74273.43430326243,74300.23
2026-04-15 13:15:00+00:00,74336.293,74336.6189099186,74321.8886565134,74347.71118
2026-04-15 13:30:00+00:00,74415.19357,74359.04530288934,74335.4429871611,74425.58936215477
2026-04-15 13:45:00+00:00,73887.99748,73923.54608365541,73871.6039517691,73995.82542518768
2026-04-15 14:00:00+00:00,74070.07563953388,74018.94383263275,73965.50499643531,74082.8232
2026-04-15 14:15:00+00:00,74143.37178117601,74189.32767585735,74143.37178117601,74243.03228166663
2026-04-15 14:30:00+00:00,74447.73544,74416.86718398688,74378.37,74455.18157
2026-04-15 14:45:00+00:00,73972.38,74024.08424465565,73972.38,74046.85918883207
2026-04-15 15:00:00+00:00,74160.259,74158.6080127335,74138.9157580387,74176.97
2026-04-15 15:15:00+00:00,74290.97037819971,74267.7151729046,74248.19879473592,74303.13775
2026-04-15 15:30:00+00:00,74048.10540841134,73924.23216526234,73742.59815061772,74048.98351
2026-04-15 15:45:00+00:00,73873.946735,73902.28788923396,73846.30437,73934.18704
2026-04-15 16:00:00+00:00,73858.97090735254,73800.2304973859,73781.21189542387,73858.97090735254
2026-04-15 16:15:00+00:00,74024.20419,74075.80607018415,74024.20419,74097.41373183586
2026-04-15 16:30:00+00:00,74108.55793500421,74109.4212309826,74089.45,74134.43483949045
2026-04-15 16:45:00+00:00,73916.18766304234,73927.95477537041,73894.25527,73959.86734
2026-04-15 17:00:00+00:00,73949.98861776762,73954.2994958295,73926.49117990333,73990.20818813733
2026-04-15 17:15:00+00:00,74046.41380867494,74053.17783726797,74034.18231429055,74068.66
2026-04-15 17:30:00+00:00,74135.41,74152.93185338631,74135.0518763225,74172.04
2026-04-15 17:45:00+00:00,73989.87118,73989.4981060605,73950.60586584601,74015.99975508735
2026-04-15 18:00:00+00:00,74148.60867,74120.93074452848,74085.43138046427,74148.60867
2026-04-15 18:15:00+00:00,74298.45052,74329.6852899919,74297.40243100152,74341.04279
2026-04-15 18:30:00+00:00,74215.22324,74220.91833047332,74208.845,74227.24763
2026-04-15 18:45:00+00:00,74325.23589,74345.13642202657,74325.23589,74356.82137
2026-04-15 19:00:00+00:00,74405.35759024051,74407.54574468672,74390.03,74415.09950334676
2026-04-15 19:15:00+00:00,74661.3610481938,74658.0918874224,74633.39811318315,74677.58363129273
2026-04-15 19:30:00+00:00,74744.66994454972,74771.26786297876,74742.57708775546,74823.4782055453
2026-04-15 19:45:00+00:00,75091.04633431634,75035.43239099154,74978.77,75099.8107454104
2026-04-15 20:00:00+00:00,75014.80048856315,74998.71684638191,74933.85311479712,75052.24325866876
2026-04-15 20:15:00+00:00,74686.6461500838,74681.95006833134,74673.64513,74693.4392
2026-04-15 20:30:00+00:00,74785.63163,74846.88340138578,74785.63163,74911.71049
2026-04-15 20:45:00+00:00,74763.11036,74762.51156897914,74749.37070165268,74784.80096566277
2026-04-15 21:00:00+00:00,74859.21370770571,74866.15982080055,74849.1335026412,74876.36285
2026-04-15 21:15:00+00:00,74745.81291,74712.56684511028,74681.17158677486,74745.81404
2026-04-15 21:30:00+00:00,74659.5106,74661.74397863205,74656.41,74672.21025
2026-04-15 21:45:00+00:00,74760.71397218364,74764.65348188695,74740.4428884505,74782.46470805848
2026-04-15 22:00:00+00:00,74765.182,74795.30565582197,74765.182,74821.76912
2026-04-15 22:15:00+00:00,75063.8550549615,75058.71213561839,75051.757,75070.69823
2026-04-15 22:30:00+00:00,75009.3262878525,75006.5852934529,74980.67533423101,75022.94608907866
2026-04-15 22:45:00+00:00,75088.6506,75081.40327094588,75046.023,75121.45546174384
2026-04-15 23:00:00+00:00,74983.91,74923.76334034467,74861.62508256547,74986.6534431729
2026-04-15 23:15:00+00:00,74768.01632,74708.47136527461,74680.35108163537,74772.8
2026-04-15 23:30:00+00:00,74757.26,74765.54658243041,74757.11,74784.9
2026-04-15 23:45:00+00:00,74676.2532889085,74678.488728375,74670.00777987704,74690.49199
2026-04-16 00:00:00+00:00,74832.99057,74829.4023583073,74813.56056942782,74841.60312
2026-04-16 00:15:00+00:00,74623.289,74627.9075818415,74599.57,74648.47
2026-04-16 00:30:00+00:00,74619.69869,74697.77299699721,74619.69869,74724.19491
2026-04-16 00:45:00+00:00,74789.91485259516,74775.59361733725,74761.48798269854,74789.91485259516
2026-04-16 01:00:00+00:00,74833.25242538324,74780.82625527715,74745.50635022414,74833.25242538324
2026-04-16 01:15:00+00:00,74585.859,74591.26712946358,74585.859,74604.37454
2026-04-16 01:30:00+00:00,74632.68026538639,74624.37055157295,74597.715,74649.20047547028
2026-04-16 01:45:00+00:00,74702.1,74691.61926768483,74687.12367975774,74702.4767967666
2026-04-16 02:00:00+00:00,74671.1768106233,74663.632612325,74648.15193435733,74685.77567
2026-04-16 02:15:00+00:00,74693.87,74661.03505179695,74632.32530938766,74693.87
2026-04-16 02:30:00+00:00,74912.48819,74939.52580463266,74912.48291,74967.10814
2026-04-16 02:45:00+00:00,75212.0435,75245.32949678872,75210.40144424204,75278.01321
2026-04-16 03:00:00+00:00,74899.83427212737,74916.27797544556,74888.149,74941.29147612747
2026-04-16 03:15:00+00:00,74969.913,75016.7240989705,74969.0948692248,75064.32
2026-04-16 03:30:00+00:00,75056.41986718352,75034.72765271121,75000.98,75056.41986718352
2026-04-16 03:45:00+00:00,74987.32944309655,74975.16468123565,74943.38301283531,74999.3951
2026-04-16 04:00:00+00:00,74900.99583359249,74892.77423619598,74882.1,74903.39193
2026-04-16 04:15:00+00:00,74953.79,74945.23949997305,74927.88347010817,74953.79
2026-04-16 04:30:00+00:00,74938.629,74922.23647558727,74900.312,74939.51576667413
2026-04-16 04:45:00+00:00,75123.13505616793,75060.95218649016,75023.26155921817,75123.13505616793
2026-04-16 05:00:00+00:00,74959.73170606093,74941.90090928409,74921.26270447459,74959.73170606093
2026-04-16 05:15:00+00:00,74935.16,74924.89756616423,74911.5764239289,74935.16
2026-04-16 05:30:00+00:00,75079.24979040989,75110.56153990104,75079.24979040989,75127.48892
2026-04-16 05:45:00+00:00,75069.96461,75061.71590714778,75053.24,75075.41715558562
2026-04-16 06:00:00+00:00,75054.73201,75082.00423586219,75054.73201,75098.27588
2026-04-16 06:15:00+00:00,75025.38082454585,75045.68931018576,75023.55,75064.59411
2026-04-16 06:30:00+00:00,75031.2791,75036.54880803668,75030.94552321373,75042.2872339342
2026-04-16 06:45:00+00:00,74948.1730360816,74938.43672041608,74932.67561,74951.00723515562
2026-04-16 07:00:00+00:00,75044.23566306762,75006.0105577062,74987.0586575171,75044.23566306762
2026-04-16 07:15:00+00:00,74918.07804497532,74922.82570922127,74910.35887,74927.65965337063
2026-04-16 07:30:00+00:00,74912.32001284615,74899.52447707715,74882.16647417624,74912.32001284615
2026-04-16 07:45:00+00:00,74870.13425,74799.43024311814,74748.4913,74871.61368
2026-04-16 08:00:00+00:00,74717.53795,74701.01848054906,74682.42,74723.03392
2026-04-16 08:15:00+00:00,74546.29,74566.7132941714,74540.65,74590.88194274639
2026-04-16 08:30:00+00:00,74700.47869235974,74703.9446134874,74680.80498489524,74723.34122660095
2026-04-16 08:45:00+00:00,74686.77,74699.45422776029,74674.08,74716.70397
2026-04-16 09:00:00+00:00,74685.07935,74660.99814612757,74654.94,74685.07935
2026-04-16 09:15:00+00:00,74756.8664,74781.2127864902,74756.8664,74809.20980163937
2026-04-16 09:30:00+00:00,74834.00213,74829.57772475944,74819.35,74847.28306335215
2026-04-16 09:45:00+00:00,74709.80356,74717.14516861281,74709.63652,74722.40378
2026-04-16 10:00:00+00:00,74605.84591,74609.02759755969,74592.61379,74628.68284
2026-04-16 10:15:00+00:00,74429.92773,74407.85455995635,74398.71,74429.92773
2026-04-16 10:30:00+00:00,74467.38568746531,74458.32201661439,74453.59672,74467.38568746531
2026-04-16 10:45:00+00:00,74398.73364,74404.23813537114,74398.3097,74409.70184493304
2026-04-16 11:00:00+00:00,74315.70126,74325.51482868746,74315.70126,74331.66808856506
2026-04-16 11:15:00+00:00,74323.96444,74329.59697888726,74321.10455,74341.31295942198
2026-04-16 11:30:00+00:00,74384.96351,74392.47711897558,74377.03062,74404.15953243976
2026-04-16 11:45:00+00:00,74455.60885,74446.24904635327,74438.20801174594,74457.6660192186
2026-04-16 12:00:00+00:00,74580.59730659277,74602.59533672672,74578.50374,74643.89796519981
2026-04-16 12:15:00+00:00,74751.96231482542,74757.72874845407,74731.83,74767.1653220669
2026-04-16 12:30:00+00:00,74719.82351,74698.57625277406,74686.55890084754,74719.82351
2026-04-16 12:45:00+00:00,74671.15,74655.73258802225,74637.76287,74671.37282824141
2026-04-16 13:00:00+00:00,74629.20375969242,74611.17224824413,74595.84722936248,74629.72902551266
2026-04-16 13:15:00+00:00,74831.99481,74828.92537000423,74819.645,74844.34647051516
2026-04-16 13:30:00+00:00,74974.44,74889.9187252163,74829.4744216994,75015.81821399275
2026-04-16 13:45:00+00:00,74611.96609554069,74556.88637941136,74509.55664246636,74614.64
2026-04-16 14:00:00+00:00,73794.17959356285,73711.68942289196,73652.61779984154,73794.17959356285
2026-04-16 14:15:00+00:00,73836.9389955184,73868.47054420547,73825.82503317721,73905.30116
2026-04-16 14:30:00+00:00,73780.42,73801.51726503235,73768.4793734869,73898.09054034254
2026-04-16 14:45:00+00:00,73979.32153368901,73982.90931248448,73949.07946744771,74038.47517006221
2026-04-16 15:00:00+00:00,73978.68927971607,73994.73611382523,73949.93675964866,74035.98889073293
2026-04-16 15:15:00+00:00,74317.79755593382,74353.23009592062,74277.47,74396.94018717243
2026-04-16 15:30:00+00:00,74205.742591478,74219.50734620486,74181.66900361587,74232.87047764736
2026-04-16 15:45:00+00:00,74566.42589499895,74599.06585647119,74563.7323723781,74659.41578720753
2026-04-16 16:00:00+00:00,74710.81018001569,74739.17660922013,74710.81018001569,74774.26866503288
2026-04-16 16:15:00+00:00,74677.05709531721,74701.07476752423,74676.55568012767,74723.01781207921
2026-04-16 16:30:00+00:00,74585.70607346475,74618.41951695058,74583.06894031838,74648.35521
2026-04-16 16:45:00+00:00,74343.26,74363.57583917801,74339.39730671779,74388.59944782502
2026-04-16 17:00:00+00:00,74187.7479759814,74186.87622592927,74160.05469,74211.60233494463
2026-04-16 17:15:00+00:00,73970.316,73953.06317362942,73916.04039560826,73987.1368876101
2026-04-16 17:30:00+00:00,74230.564825,74257.11774362682,74209.94636130884,74279.8500975958
2026-04-16 17:45:00+00:00,74391.69,74376.37730063105,74345.14811,74403.68190624395
2026-04-16 18:00:00+00:00,74352.37722026759,74378.84634574414,74349.32851702554,74439.754
2026-04-16 18:15:00+00:00,74422.6984745039,74437.75039146036,74405.37361935756,74463.14701988338
2026-04-16 18:30:00+00:00,74420.20434,74428.46508672734,74407.01639600928,74445.25037
2026-04-16 18:45:00+00:00,74590.82729,74634.77724238213,74590.49206070004,74677.35403635804
2026-04-16 19:00:00+00:00,75047.45772696727,75052.7420032738,75016.73532097251,75104.63419581497
2026-04-16 19:15:00+00:00,74838.09554701505,74873.64496942064,74837.73162034976,74895.78701432554
2026-04-16 19:30:00+00:00,75043.70906707711,75015.11265164362,74986.37705,75046.90943
2026-04-16 19:45:00+00:00,75247.91687019281,75261.80899458245,75245.17429,75283.25177023702
2026-04-16 20:00:00+00:00,75359.37693582146,75421.5059177798,75350.338215,75531.4855417256
2026-04-16 20:15:00+00:00,75427.96806742386,75419.60346077246,75403.98667240818,75440.83004611646
2026-04-16 20:30:00+00:00,75193.10596494717,75173.36908811374,75109.38816032425,75203.96424699175
2026-04-16 20:45:00+00:00,75085.23904,75072.60395160173,75053.92740008754,75085.31983
2026-04-16 21:00:00+00:00,75236.19901736136,75266.73567209745,75236.19901736136,75274.74679948999
2026-04-16 21:15:00+00:00,75150.92477,75140.32403519152,75110.56,75174.19500110319
2026-04-16 21:30:00+00:00,74937.01247753021,74894.17332443285,74856.80127305312,74937.01247753021
2026-04-16 21:45:00+00:00,74955.15299909379,74951.80636718892,74945.36286,74967.45743074396
2026-04-16 22:00:00+00:00,74948.34,74998.08918147917,74948.2,75007.87000135849
2026-04-16 22:15:00+00:00,74992.29866,74975.42167523595,74912.488115,75001.93733571778
2026-04-16 22:30:00+00:00,74940.91645728855,74929.25504765021,74912.97685630215,74948.95095626714
2026-04-16 22:45:00+00:00,74940.5382,74924.89272314296,74911.9327899082,74940.5382
2026-04-16 23:00:00+00:00,74885.59,74866.58701481034,74850.57157813033,74897.04782027839
2026-04-16 23:15:00+00:00,74998.44664927162,74986.11251397988,74968.34199534796,75001.74978439648
2026-04-16 23:30:00+00:00,75040.81490515388,75034.51939957062,75026.51905161257,75047.40589811043
2026-04-16 23:45:00+00:00,75148.77662493818,75149.54591814218,75133.12560307175,75156.95663
2026-04-17 00:00:00+00:00,75163.10530884098,75140.04208132919,75118.037359233,75164.95187170427
2026-04-17 00:15:00+00:00,74984.30185371735,74976.55285088129,74965.08242081244,74994.28330716609
2026-04-17 00:30:00+00:00,75013.71,75079.00235763779,75013.71,75101.49692
2026-04-17 00:45:00+00:00,74973.77541255624,74964.76624320021,74941.98,74975.49419218003
2026-04-17 01:00:00+00:00,74955.82623178247,74955.00938670369,74951.6176122227,74958.92495
2026-04-17 01:15:00+00:00,74910.46,74912.94933608049,74906.13791478828,74921.55339
2026-04-17 01:30:00+00:00,74770.5982029466,74751.3961256412,74732.89199,74770.5982029466
2026-04-17 01:45:00+00:00,74736.07051611389,74744.46453504381,74734.38837140844,74753.68103778755
2026-04-17 02:00:00+00:00,74761.94357197653,74743.47611095516,74735.93332070821,74761.94357197653
2026-04-17 02:15:00+00:00,74728.74,74730.31809914691,74719.01354406922,74744.34857
2026-04-17 02:30:00+00:00,74614.68,74576.24534026759,74557.3,74614.68
2026-04-17 02:45:00+00:00,74678.80419181484,74688.09026366993,74678.80068477601,74699.18
2026-04-17 03:00:00+00:00,74714.50332,74715.58890486669,74706.78203507239,74721.07
2026-04-17 03:15:00+00:00,74701.66716,74723.8105826473,74701.66716,74737.06
2026-04-17 03:30:00+00:00,74742.01798405642,74753.9260280972,74740.4530093038,74767.29521283518
2026-04-17 03:45:00+00:00,74788.06238186616,74789.26427391078,74783.21,74796.22449
2026-04-17 04:00:00+00:00,74629.49592,74643.70580289642,74629.25345943715,74653.66474402067
2026-04-17 04:15:00+00:00,74679.86334790483,74699.68527609973,74679.86334790483,74712.4486639179
2026-04-17 04:30:00+00:00,74761.96866722713,74758.76220112533,74752.34332811575,74763.07174766676
2026-04-17 04:45:00+00:00,74822.61692542757,74816.428526302,74808.80168,74823.19487093163
2026-04-17 05:00:00+00:00,74799.74223014305,74804.95440574612,74799.74223014305,74807.1521194781
2026-04-17 05:15:00+00:00,74634.20721553182,74627.1272776438,74619.54826043738,74636.02468700931
2026-04-17 05:30:00+00:00,74680.5577,74676.34786527097,74665.9043149175,74685.09467
2026-04-17 05:45:00+00:00,74658.14976673492,74656.88621049814,74643.6410458473,74669.59342219985
2026-04-17 06:00:00+00:00,74649.08317067075,74626.87478566516,74609.62,74649.08317067075
2026-04-17 06:15:00+00:00,74763.99926938306,74784.13362697027,74763.05162,74811.48699942093
2026-04-17 06:30:00+00:00,74814.94395062403,74790.11898584664,74774.7790287033,74814.94395062403
2026-04-17 06:45:00+00:00,74864.90787937886,74842.59979383065,74828.84706827343,74864.90787937886
2026-04-17 07:00:00+00:00,74948.0055273048,74954.73591581963,74946.69,74964.48264896676
2026-04-17 07:15:00+00:00,75045.36214,75024.10636022646,75010.24,75045.36214
2026-04-17 07:30:00+00:00,74986.57608377172,74985.98862992095,74979.60875857717,75016.43777994397
2026-04-17 07:45:00+00:00,75019.38427795809,75021.85893575697,75018.71286,75030.00795271697
2026-04-17 08:00:00+00:00,75085.34214,75075.42382384409,75051.56,75092.00847
2026-04-17 08:15:00+00:00,75070.19061,75053.16034539398,75038.87956,75070.19061
2026-04-17 08:30:00+00:00,75116.24229867522,75125.76300816148,75101.40878057414,75150.08753897155
2026-04-17 08:45:00+00:00,75352.81169,75351.10381505135,75331.8851348527,75385.68911453403
2026-04-17 09:00:00+00:00,75781.96045171078,75761.53745211527,75713.63450209872,75815.12163458166
2026-04-17 09:15:00+00:00,75913.49771690728,75896.64868592349,75845.46599554848,75928.78975080891
2026-04-17 09:30:00+00:00,76304.11,76181.88243934128,75948.14141773984,76332.2052882681
2026-04-17 09:45:00+00:00,75758.66367180033,75746.7041262043,75723.99876520628,75766.86857951488
2026-04-17 10:00:00+00:00,75790.67930424318,75736.49203145083,75711.08526,75790.67930424318
2026-04-17 10:15:00+00:00,75634.58506552107,75635.26229566062,75625.70498260795,75656.29202030301
2026-04-17 10:30:00+00:00,75246.28,75268.14453661667,75230.66,75333.8685869024
2026-04-17 10:45:00+00:00,75201.43954,75198.78844648231,75163.66272834732,75213.45005071453
2026-04-17 11:00:00+00:00,75291.46837,75273.21138137931,75258.04577,75292.48700454658
2026-04-17 11:15:00+00:00,75333.80497,75364.50891329715,75327.57,75384.10563
2026-04-17 11:30:00+00:00,75477.73621930083,75499.29665522029,75477.73621930083,75510.66874929234
2026-04-17 11:45:00+00:00,75403.89537,75408.88996856449,75388.67907,75423.026128337
2026-04-17 12:00:00+00:00,75603.95355,75626.39204306403,75603.95355,75641.87442166546
2026-04-17 12:15:00+00:00,75699.10604,75683.97697953903,75671.45299146548,75699.10604
2026-04-17 12:30:00+00:00,75791.1846914482,75850.75086962876,75791.1846914482,75922.12363
2026-04-17 12:45:00+00:00,75767.77824,75762.69709100819,75749.75674485037,75785.2195841917
2026-04-17 13:00:00+00:00,76266.55781371027,76175.37451867948,76129.51,76268.85334615863
2026-04-17 13:15:00+00:00,76925.96,76914.91294819336,76763.87387,76976.47894
2026-04-17 13:30:00+00:00,76622.20033579801,76571.60867369582,76497.35398,76646.26716
2026-04-17 13:45:00+00:00,76905.41723147276,76850.15024677062,76774.3329,76928.51483100919
2026-04-17 14:00:00+00:00,77363.68596801996,77465.21902288543,77363.68596801996,77512.39678559624
2026-04-17 14:15:00+00:00,77119.80025,77179.38862417698,77119.80025,77237.50900565517
2026-04-17 14:30:00+00:00,77489.70616727282,77538.4596783213,77489.70616727282,77559.32
2026-04-17 14:45:00+00:00,78024.64,77985.34549725903,77911.52,78030.06308261458
2026-04-17 15:00:00+00:00,77925.86740127472,77909.6477920441,77873.23,77966.00058320504
2026-04-17 15:15:00+00:00,77877.09749972408,77933.67339588553,77876.3421365017,77968.94485227244
2026-04-17 15:30:00+00:00,77783.93455147378,77775.28222856058,77748.90230138513,77802.99860154257
2026-04-17 15:45:00+00:00,77556.62187996732,77629.86301221883,77556.62187996732,77704.04978217214
2026-04-17 16:00:00+00:00,77823.08195,77797.02569819875,77752.98115624774,77826.26889117068
2026-04-17 16:15:00+00:00,77904.13335,77900.150052218,77861.75535777694,77952.70538774932
2026-04-17 16:30:00+00:00,78207.76784,78190.94461641867,78178.31890958472,78207.76784
2026-04-17 16:45:00+00:00,78122.36367,78092.29324877633,78075.46,78127.7566
2026-04-17 17:00:00+00:00,77894.24038,77868.63971802745,77820.80011,77910.04365
2026-04-17 17:15:00+00:00,77537.0,77564.03223436212,77525.199693197,77593.10782
2026-04-17 17:30:00+00:00,77275.90087338058,77361.26162225849,77275.90087338058,77419.85256
2026-04-17 17:45:00+00:00,77478.44014,77554.31521034836,77478.44014,77605.7529981661
2026-04-17 18:00:00+00:00,77548.75,77546.52682618116,77514.96,77593.67294876759
2026-04-17 18:15:00+00:00,77173.79278483096,77229.4797193545,77173.79278483096,77299.54520927538
2026-04-17 18:30:00+00:00,77231.24395127394,77245.39837656403,77230.46,77272.35063046154
2026-04-17 18:45:00+00:00,77408.39,77389.36020578285,77371.00579,77408.80106
2026-04-17 19:00:00+00:00,77187.38,77200.9689905399,77180.57463,77231.67575
2026-04-17 19:15:00+00:00,77261.66372,77323.67915567201,77261.66372,77362.91638035567
2026-04-17 19:30:00+00:00,77305.59,77357.62894893723,77305.59,77406.64
2026-04-17 19:45:00+00:00,77384.26720038678,77319.04115240157,77279.36905393848,77384.26720038678
2026-04-17 20:00:00+00:00,77456.17357254778,77414.23763088757,77384.72,77456.53508894626
2026-04-17 20:15:00+00:00,77555.533,77535.535415093,77523.65350415489,77555.623
2026-04-17 20:30:00+00:00,77401.04661,77376.9876378719,77290.56365,77424.83554
2026-04-17 20:45:00+00:00,77283.36782,77252.86125655043,77234.579,77283.36782
2026-04-17 21:00:00+00:00,77377.88866,77361.90231580626,77347.721,77377.88866
2026-04-17 21:15:00+00:00,77418.97113,77386.55284212335,77379.021,77418.97113
2026-04-17 21:30:00+00:00,77470.73764442987,77438.40735560974,77422.92707642452,77470.73764442987
2026-04-17 21:45:00+00:00,77438.95795,77432.09089493995,77402.13,77463.20987536827
2026-04-17 22:00:00+00:00,77472.60481,77450.40035066652,77441.958,77472.61522
2026-04-17 22:15:00+00:00,77443.25397,77450.35480386393,77386.95971588275,77478.79846
2026-04-17 22:30:00+00:00,77416.8509046238,77386.9099056724,77362.43062423488,77416.8509046238
2026-04-17 22:45:00+00:00,77443.20655492246,77424.86868142095,77401.1,77444.21
2026-04-17 23:00:00+00:00,77327.40757686646,77300.29919505365,77277.56237897566,77327.40757686646
2026-04-17 23:15:00+00:00,77228.82567083472,77221.68013068855,77207.08760043081,77229.95742170823
2026-04-17 23:30:00+00:00,77077.823887887,77090.66651619726,77073.78143510074,77114.02064
2026-04-17 23:45:00+00:00,77061.01231,77073.98306879358,77061.00843,77088.51241910343
2026-04-18 00:00:00+00:00,77097.64,77093.59340598875,77070.1323923594,77124.42621903202
2026-04-18 00:15:00+00:00,77124.72763738348,77148.28857538644,77124.72763738348,77169.37325
2026-04-18 00:30:00+00:00,77249.62135,77265.65031749097,77245.50696,77279.35993
2026-04-18 00:45:00+00:00,77041.4,77034.74214371844,77004.65906088705,77065.73727439065
2026-04-18 01:00:00+00:00,77189.59848555778,77184.72973904714,77174.99,77205.62607
2026-04-18 01:15:00+00:00,77342.31509,77323.78473398223,77311.92001,77342.31509
2026-04-18 01:30:00+00:00,77320.31544,77310.97058979928,77304.83962,77320.40521
2026-04-18 01:45:00+00:00,77222.52437677163,77255.03151415968,77222.52437677163,77270.032
2026-04-18 02:00:00+00:00,77243.62334,77228.46873383735,77223.04272745467,77243.62334
2026-04-18 02:15:00+00:00,77317.24718,77344.28047311083,77316.13779277315,77384.81156275007
2026-04-18 02:30:00+00:00,77348.95,77337.3799823511,77318.67,77351.13
2026-04-18 02:45:00+00:00,77346.12247,77343.0664399846,77328.73978163861,77348.88557
2026-04-18 03:00:00+00:00,77319.2209,77312.26577637323,77293.9502229718,77322.65
2026-04-18 03:15:00+00:00,77286.55,77271.077736372,77263.7860099012,77286.55
2026-04-18 03:30:00+00:00,77206.78748479826,77201.81877850968,77195.39933720302,77207.93019
2026-04-18 03:45:00+00:00,77190.70846,77184.82266369004,77173.50899,77191.37851513755
2026-04-18 04:00:00+00:00,77032.36086885615,77016.62300044803,77000.806,77036.09562
2026-04-18 04:15:00+00:00,77113.1994931484,77094.43961673656,77083.85,77113.1994931484
2026-04-18 04:30:00+00:00,77021.90348,76975.77945994127,76949.9193,77021.90348
2026-04-18 04:45:00+00:00,77014.1326,77052.88289559612,77014.1326,77067.18092
2026-04-18 05:00:00+00:00,77140.27382,77154.5940484007,77136.96731,77174.14194
2026-04-18 05:15:00+00:00,77232.06529,77222.14528193376,77213.63,77232.06529
2026-04-18 05:30:00+00:00,77177.64120797074,77178.82762923188,77173.46,77184.33558
2026-04-18 05:45:00+00:00,77181.72133,77174.47120295701,77171.6,77181.72133
2026-04-18 06:00:00+00:00,77160.24156,77162.00480416666,77159.92,77163.29079
2026-04-18 06:15:00+00:00,77194.09344,77185.23026006375,77180.90956,77194.1186
2026-04-18 06:30:00+00:00,77113.26,77114.74721254398,77110.2,77128.81112
2026-04-18 06:45:00+00:00,77161.70192877663,77164.32133609618,77159.91201193331,77166.26882
2026-04-18 07:00:00+00:00,77154.7,77130.7066151953,77117.63,77154.7
2026-04-18 07:15:00+00:00,77094.69501,77094.39449067797,77093.91,77094.72241
2026-04-18 07:30:00+00:00,77108.27146400315,77106.60558898452,77098.42477893019,77112.15225
2026-04-18 07:45:00+00:00,77060.19622,77038.74704711605,76996.96,77060.19622
2026-04-18 08:00:00+00:00,77017.41102180337,77024.88922060428,77015.19033627225,77037.1852
2026-04-18 08:15:00+00:00,76832.70396,76816.21839724448,76793.826,76836.63051
2026-04-18 08:30:00+00:00,76710.2645,76705.51659876644,76684.66522,76725.0766
2026-04-18 08:45:00+00:00,76573.87926,76616.99580173698,76563.28842,76656.84575
2026-04-18 09:00:00+00:00,76757.76248309732,76725.6257306033,76705.07297,76757.76248309732
2026-04-18 09:15:00+00:00,76557.72761099447,76546.45409718606,76539.05,76560.76564
2026-04-18 09:30:00+00:00,76600.64062,76586.49387459552,76577.0,76600.64062
2026-04-18 09:45:00+00:00,76650.47364,76642.85523425699,76632.77,76650.51264
2026-04-18 10:00:00+00:00,76624.1,76598.19501877847,76575.55,76624.79
2026-04-18 10:15:00+00:00,76317.35917,76359.27829659877,76316.86861,76383.25399
2026-04-18 10:30:00+00:00,76348.96257,76286.88438666073,76266.6,76348.97106
2026-04-18 10:45:00+00:00,76249.14406355706,76244.48202110236,76232.39789715283,76262.43698
2026-04-18 11:00:00+00:00,76213.58198,76184.9865763775,76152.4,76213.58976
2026-04-18 11:15:00+00:00,75977.79,75983.89828834671,75956.5,76034.71081
2026-04-18 11:30:00+00:00,76099.8438,76102.4082170978,76089.05,76111.47915
2026-04-18 11:45:00+00:00,75868.73,75861.28732351576,75832.776,75875.88086
2026-04-18 12:00:00+00:00,76065.25,76096.43119850091,76065.25,76144.83924790817
2026-04-18 12:15:00+00:00,76235.41,76247.59211412737,76223.39657802698,76262.91335
2026-04-18 12:30:00+00:00,76169.46,76165.16856665084,76145.59,76180.51777
2026-04-18 12:45:00+00:00,76204.70905,76221.76716218736,76200.97600112169,76250.71408
2026-04-18 13:00:00+00:00,76230.8,76213.22109631094,76188.79,76237.66117
2026-04-18 13:15:00+00:00,76181.87,76171.51044605736,76159.19,76191.6168
2026-04-18 13:30:00+00:00,76112.64,76061.19210150644,76034.65327,76117.69955787715
2026-04-18 13:45:00+00:00,75974.47569406006,75971.97603943692,75961.51998599182,75992.78738100015
2026-04-18 14:00:00+00:00,76140.8800891556,76169.2646597038,76140.8800891556,76190.92752883826
2026-04-18 14:15:00+00:00,76197.81316,76192.39171930226,76185.97225299163,76198.45219
2026-04-18 14:30:00+00:00,76168.73858800699,76180.35028767024,76168.73858800699,76196.68195843157
2026-04-18 14:45:00+00:00,76213.97734,76219.99520491615,76195.26956937351,76248.83512
2026-04-18 15:00:00+00:00,76274.61664159418,76255.59227534835,76241.74,76277.51995
2026-04-18 15:15:00+00:00,76240.99994407834,76242.46141583675,76232.25,76250.54009625755
2026-04-18 15:30:00+00:00,76230.59,76229.29436017147,76218.0615483414,76238.70301
2026-04-18 15:45:00+00:00,76153.65,76165.73042373941,76153.64,76169.2534
2026-04-18 16:00:00+00:00,76187.29008749724,76150.83207663376,76060.01765,76187.29008749724
2026-04-18 16:15:00+00:00,76236.45941,76151.35055991965,76132.80467,76236.45941
2026-04-18 16:30:00+00:00,76111.23,76135.92547016781,76111.23,76150.38738
2026-04-18 16:45:00+00:00,76019.94721225461,76028.088756486,76016.54705474574,76037.81908790553
2026-04-18 17:00:00+00:00,75965.8933389181,75914.71484552098,75890.80412244653,75965.8933389181
2026-04-18 17:15:00+00:00,75857.39692,75883.43933625819,75852.90669581793,75897.00882
2026-04-18 17:30:00+00:00,75878.89206928443,75886.6536115261,75873.3767720468,75905.66464525466
2026-04-18 17:45:00+00:00,75907.4703,75911.44599179421,75905.12,75917.43348425353
2026-04-18 18:00:00+00:00,75852.308,75840.35120915255,75819.53331,75852.308
2026-04-18 18:15:00+00:00,75825.09642,75804.90281708202,75777.53341,75825.09642
2026-04-18 18:30:00+00:00,75690.31329644374,75661.21071537482,75640.67821034639,75691.11
2026-04-18 18:45:00+00:00,75588.13483857889,75599.06252218988,75574.32605133715,75612.86519905107
2026-04-18 19:00:00+00:00,75667.58470566307,75660.00493349106,75644.54977460633,75684.58582
2026-04-18 19:15:00+00:00,75773.52831,75781.40524816683,75770.01125942422,75801.22712
2026-04-18 19:30:00+00:00,75716.62903,75719.3815162176,75716.61056,75722.14
2026-04-18 19:45:00+00:00,75622.02735681582,75610.4505678648,75602.75,75622.02735681582
2026-04-18 20:00:00+00:00,75674.68826,75681.74566456351,75670.03,75688.86122778505
2026-04-18 20:15:00+00:00,75720.96155,75736.13869411775,75720.96155,75750.78987
2026-04-18 20:30:00+00:00,75735.69127,75763.47087048214,75735.69127,75772.3132129319
2026-04-18 20:45:00+00:00,75808.18187,75835.78255869016,75808.15661,75854.37158
2026-04-18 21:00:00+00:00,75772.91932,75776.38409548791,75767.86547,75790.64258
2026-04-18 21:15:00+00:00,75754.16036,75764.53353532178,75746.74444,75771.96267
2026-04-18 21:30:00+00:00,75763.11064,75751.80150365974,75745.52592871519,75763.11064
2026-04-18 21:45:00+00:00,75751.26196,75784.2763728238,75751.26196,75800.18592
2026-04-18 22:00:00+00:00,75841.98002,75811.83581744562,75806.56,75841.98002
2026-04-18 22:15:00+00:00,75638.313585,75651.43949118406,75635.59,75660.36
2026-04-18 22:30:00+00:00,75745.0975258197,75746.11311299959,75741.44145,75754.55
2026-04-18 22:45:00+00:00,75805.77142080915,75808.66867185132,75801.76,75820.71067
2026-04-18 23:00:00+00:00,75842.55,75845.11330907812,75836.9,75849.88923
2026-04-18 23:15:00+00:00,75848.55,75865.90107407968,75848.55,75874.11852
2026-04-18 23:30:00+00:00,75837.1,75827.9990018677,75814.6,75838.00200824892
2026-04-18 23:45:00+00:00,75772.99715051538,75771.47278430851,75763.71,75777.15
2026-04-19 00:00:00+00:00,75717.41,75715.14169075788,75708.27,75726.37
2026-04-19 00:15:00+00:00,75800.78029,75779.64587384569,75768.38,75800.78029
2026-04-19 00:30:00+00:00,75642.65473,75643.30277644067,75642.46383,75645.28413
2026-04-19 00:45:00+00:00,75605.68542,75614.84485359899,75603.81,75635.6811
2026-04-19 01:00:00+00:00,75699.51139159212,75748.39961611886,75698.4035544395,75810.61581
2026-04-19 01:15:00+00:00,75702.52,75665.66672174886,75646.65469492887,75702.52
2026-04-19 01:30:00+00:00,75573.17407,75547.47771096845,75515.53350754746,75573.17461
2026-04-19 01:45:00+00:00,75570.45159,75578.25079629765,75570.44014,75579.38444
2026-04-19 02:00:00+00:00,75642.17372,75637.67974167972,75616.81592,75646.79203190898
2026-04-19 02:15:00+00:00,75655.21668,75673.54435082644,75655.21668,75680.54530514499
2026-04-19 02:30:00+00:00,75510.52798,75493.91730018568,75471.15993723401,75511.89998107388
2026-04-19 02:45:00+00:00,75671.00739937491,75691.04988346722,75671.00739937491,75702.35738
2026-04-19 03:00:00+00:00,75519.98901368122,75518.43829067894,75517.1249,75524.02628
2026-04-19 03:15:00+00:00,75565.12,75568.28170725591,75555.04,75584.11686
2026-04-19 03:30:00+00:00,75550.43169,75546.10497137265,75519.63869355262,75560.44862
2026-04-19 03:45:00+00:00,75629.40396,75633.4827715,75629.40396,75637.60924
2026-04-19 04:00:00+00:00,75541.7,75559.07957659395,75541.7,75571.73908
2026-04-19 04:15:00+00:00,75728.36,75722.28869284084,75715.60700140985,75728.36
2026-04-19 04:30:00+00:00,75709.11802,75698.28056397034,75687.07,75709.29795
2026-04-19 04:45:00+00:00,75561.47166,75596.5056179413,75561.47166,75625.64086
2026-04-19 05:00:00+00:00,75692.66046,75691.06255575942,75669.74,75699.56178
2026-04-19 05:15:00+00:00,75582.57987,75564.65692376862,75539.64,75582.57987
2026-04-19 05:30:00+00:00,75586.76675,75617.25932348556,75586.5489334168,75671.85684
2026-04-19 05:45:00+00:00,75627.53571,75624.26803030049,75621.64,75627.61271
2026-04-19 06:00:00+00:00,75576.17239,75562.94010281985,75560.26,75576.17239
2026-04-19 06:15:00+00:00,75426.81583,75379.29555445898,75331.71,75427.19095
2026-04-19 06:30:00+00:00,75435.3668551344,75450.91663276822,75435.3668551344,75461.5846
2026-04-19 06:45:00+00:00,75454.54956,75446.33030493624,75435.7,75454.81526
2026-04-19 07:00:00+00:00,75418.9691,75420.24337938809,75413.67,75424.23689
2026-04-19 07:15:00+00:00,75265.5873430144,75264.63317652438,75259.78154882726,75270.44
2026-04-19 07:30:00+00:00,75013.8935,75042.37053535916,75013.8935,75061.0819982777
2026-04-19 07:45:00+00:00,75215.7166592253,75215.5217704282,75211.73,75219.08017
2026-04-19 08:00:00+00:00,75280.8,75231.45392129554,75204.2704,75280.8
2026-04-19 08:15:00+00:00,75294.08614,75296.14577224104,75290.76,75301.07592
2026-04-19 08:30:00+00:00,75169.20008,75160.46635595342,75127.78969278345,75184.08932458745
2026-04-19 08:45:00+00:00,75255.92,75254.16678533333,75236.55,75261.53036
2026-04-19 09:00:00+00:00,75279.546912435,75284.2678228781,75274.48,75292.67076
2026-04-19 09:15:00+00:00,75201.462,75198.50329240099,75193.9044481301,75203.17275
2026-04-19 09:30:00+00:00,75116.9143,75137.26717133126,75116.87252,75152.06934
2026-04-19 09:45:00+00:00,75088.9037,75088.42120080434,75082.72,75090.96096
2026-04-19 10:00:00+00:00,75042.27284,75005.24410052909,74987.31,75042.27284
2026-04-19 10:15:00+00:00,75062.96123,75035.27086794766,75024.58022,75063.06247
2026-04-19 10:30:00+00:00,75109.541,75112.94338677227,75105.43193,75124.07493
2026-04-19 10:45:00+00:00,75113.79485,75115.63944214725,75112.14,75120.54851
2026-04-19 11:00:00+00:00,75240.84036,75249.35550169517,75235.7,75268.45428
2026-04-19 11:15:00+00:00,75445.05567456261,75482.24646047087,75435.8049,75516.46527
2026-04-19 11:30:00+00:00,75402.80183285869,75409.04947346532,75398.11412238615,75432.83153670921
2026-04-19 11:45:00+00:00,75541.21306590002,75535.3511090391,75522.55,75545.44316482729
2026-04-19 12:00:00+00:00,75624.60961,75616.76852948201,75588.48486,75640.30642
2026-04-19 12:15:00+00:00,75686.37966,75687.03757399612,75663.69967,75706.63803
2026-04-19 12:30:00+00:00,75542.64711,75543.47683074977,75520.05226,75550.49019
